# times, le, le_qc, le_unc, sm1, sm1_qc, nee, nee_qc, gpp, gpp_se
2.010010100000000000e+07 7.299259999999999593e+01 -9.999000000000000000e+03 5.618839999999999613e+00 2.762399999999999878e+01 1.000000000000000000e+00 -3.533819999999999961e+00 1.000000000000000000e+00 3.533819999999999961e+00 3.857580000000000037e-02
2.010010200000000000e+07 1.241559999999999953e+01 -9.999000000000000000e+03 4.419850000000000279e+00 2.772599999999999909e+01 1.000000000000000000e+00 -3.002920000000000034e+00 1.000000000000000000e+00 3.002920000000000034e+00 9.812830000000000163e-02
2.010010300000000000e+07 3.017370000000000108e+00 -9.999000000000000000e+03 4.468670000000000364e+00 2.761100000000000065e+01 1.000000000000000000e+00 -3.089560000000000084e+00 1.000000000000000000e+00 3.089560000000000084e+00 8.597670000000000312e-02
2.010010400000000000e+07 1.630280000000000129e+01 -9.999000000000000000e+03 4.291879999999999917e+00 2.758599999999999852e+01 1.000000000000000000e+00 -2.815350000000000019e+00 1.000000000000000000e+00 2.815350000000000019e+00 6.679490000000000427e-02
2.010010500000000000e+07 3.520980000000000132e+01 1.000000000000000000e+00 4.197070000000000078e+00 2.937500000000000000e+01 1.000000000000000000e+00 -2.423729999999999940e+00 1.000000000000000000e+00 2.423729999999999940e+00 1.431510000000000005e-01
2.010010600000000000e+07 1.581370000000000076e+01 8.541670000000000096e-01 3.050199999999999800e+00 3.380899999999999750e+01 1.000000000000000000e+00 -2.339929999999999843e+00 9.583329999999999904e-01 2.339929999999999843e+00 1.161920000000000036e-01
2.010010700000000000e+07 1.325600000000000023e+01 5.000000000000000000e-01 2.957209999999999894e+00 3.213799999999999812e+01 1.000000000000000000e+00 -2.056029999999999802e+00 4.583329999999999904e-01 2.056029999999999802e+00 1.069650000000000045e-01
2.010010800000000000e+07 8.553309999999999746e+00 9.375000000000000000e-01 2.943280000000000118e+00 3.163800000000000168e+01 1.000000000000000000e+00 -2.136429999999999829e+00 4.791670000000000096e-01 2.136429999999999829e+00 6.838819999999999621e-02
2.010010900000000000e+07 8.505770000000000053e+00 1.000000000000000000e+00 4.004540000000000433e+00 3.188299999999999912e+01 1.000000000000000000e+00 -2.673630000000000173e+00 9.791670000000000096e-01 2.673630000000000173e+00 5.940100000000000241e-02
2.010011000000000000e+07 1.457980000000000054e+01 1.000000000000000000e+00 3.667959999999999887e+00 3.191700000000000159e+01 1.000000000000000000e+00 -2.635600000000000165e+00 7.708329999999999904e-01 2.635600000000000165e+00 6.526350000000000207e-02
2.010011100000000000e+07 2.413469999999999871e+01 1.000000000000000000e+00 3.989339999999999886e+00 3.190700000000000003e+01 1.000000000000000000e+00 -1.722190000000000110e+00 1.000000000000000000e+00 1.722190000000000110e+00 1.372800000000000131e-01
2.010011200000000000e+07 3.113360000000000127e+01 1.000000000000000000e+00 4.550379999999999647e+00 3.258800000000000097e+01 1.000000000000000000e+00 -2.912650000000000183e+00 7.916670000000000096e-01 2.912650000000000183e+00 1.509880000000000111e-01
2.010011300000000000e+07 4.705010000000000048e+01 1.000000000000000000e+00 5.171210000000000306e+00 3.280700000000000216e+01 1.000000000000000000e+00 -3.054759999999999920e+00 9.583329999999999904e-01 3.054759999999999920e+00 6.386859999999999760e-02
2.010011400000000000e+07 1.933869999999999933e+01 1.000000000000000000e+00 3.827869999999999884e+00 3.237299999999999756e+01 1.000000000000000000e+00 -2.387570000000000192e+00 7.291670000000000096e-01 2.387570000000000192e+00 7.059310000000000584e-02
2.010011500000000000e+07 3.973899999999999721e+01 1.000000000000000000e+00 4.010880000000000223e+00 3.194800000000000040e+01 1.000000000000000000e+00 -2.340170000000000083e+00 9.791670000000000096e-01 2.340170000000000083e+00 9.236039999999999528e-02
2.010011600000000000e+07 2.740690000000000026e+01 1.000000000000000000e+00 4.215779999999999639e+00 3.191700000000000159e+01 1.000000000000000000e+00 -2.098879999999999857e+00 9.375000000000000000e-01 2.098879999999999857e+00 1.862739999999999951e-01
2.010011700000000000e+07 3.469639999999999702e+01 1.000000000000000000e+00 3.935179999999999900e+00 3.233100000000000307e+01 1.000000000000000000e+00 -2.120769999999999822e+00 1.000000000000000000e+00 2.120769999999999822e+00 1.106079999999999980e-01
2.010011800000000000e+07 3.017610000000000170e+01 1.000000000000000000e+00 4.451529999999999987e+00 3.261500000000000199e+01 1.000000000000000000e+00 -2.379890000000000061e+00 9.375000000000000000e-01 2.379890000000000061e+00 9.122479999999999478e-02
2.010011900000000000e+07 1.966059999999999874e+01 1.000000000000000000e+00 4.549820000000000420e+00 3.224000000000000199e+01 1.000000000000000000e+00 -2.459020000000000206e+00 1.000000000000000000e+00 2.459020000000000206e+00 8.081710000000000282e-02
2.010012000000000000e+07 3.200280000000000058e+01 1.000000000000000000e+00 3.975330000000000030e+00 3.200699999999999790e+01 1.000000000000000000e+00 -1.696649999999999991e+00 1.000000000000000000e+00 1.696649999999999991e+00 5.370889999999999692e-02
2.010012100000000000e+07 1.801089999999999947e+01 1.000000000000000000e+00 3.848430000000000017e+00 3.172400000000000020e+01 1.000000000000000000e+00 -2.065150000000000041e+00 8.958329999999999904e-01 2.065150000000000041e+00 1.032730000000000037e-01
2.010012200000000000e+07 2.475580000000000069e+01 1.000000000000000000e+00 4.126050000000000217e+00 3.157300000000000040e+01 1.000000000000000000e+00 -1.058370000000000033e+00 1.000000000000000000e+00 1.059180000000000010e+00 2.280549999999999938e-02
2.010012300000000000e+07 4.161780000000000257e+01 1.000000000000000000e+00 4.373809999999999754e+00 3.140399999999999991e+01 1.000000000000000000e+00 -1.477770000000000028e+00 7.291670000000000096e-01 1.545039999999999969e+00 7.399160000000000459e-02
2.010012400000000000e+07 1.503340000000000032e+01 1.000000000000000000e+00 3.644190000000000040e+00 3.118100000000000094e+01 1.000000000000000000e+00 -7.258360000000000367e-01 1.000000000000000000e+00 8.827960000000000251e-01 1.599309999999999968e-02
2.010012500000000000e+07 1.216249999999999964e+01 1.000000000000000000e+00 3.797829999999999817e+00 3.102499999999999858e+01 1.000000000000000000e+00 -1.385909999999999975e+00 7.083329999999999904e-01 1.671419999999999906e+00 3.551909999999999790e-02
2.010012600000000000e+07 2.642429999999999879e+01 1.000000000000000000e+00 3.580740000000000034e+00 3.092099999999999937e+01 1.000000000000000000e+00 -1.564689999999999914e+00 7.916670000000000096e-01 1.922809999999999908e+00 2.613899999999999904e-02
2.010012700000000000e+07 2.113129999999999953e+01 1.000000000000000000e+00 4.473740000000000272e+00 3.083299999999999841e+01 1.000000000000000000e+00 -9.685669999999999558e-01 8.958329999999999904e-01 1.386149999999999993e+00 3.061559999999999976e-02
2.010012800000000000e+07 1.649759999999999849e+01 1.000000000000000000e+00 3.595549999999999802e+00 3.080000000000000071e+01 1.000000000000000000e+00 -1.497889999999999944e+00 7.083329999999999904e-01 2.075270000000000170e+00 4.058780000000000027e-02
2.010012900000000000e+07 1.112739999999999974e+01 1.000000000000000000e+00 2.466349999999999820e+00 3.079400000000000048e+01 1.000000000000000000e+00 -7.218010000000000259e-01 9.375000000000000000e-01 1.394970000000000043e+00 4.563330000000000164e-02
2.010013000000000000e+07 1.774739999999999895e+01 1.000000000000000000e+00 3.864100000000000090e+00 3.071300000000000097e+01 1.000000000000000000e+00 -6.156279999999999530e-01 4.583329999999999904e-01 1.403480000000000061e+00 8.936510000000000287e-02
2.010013100000000000e+07 2.357770000000000010e+01 1.000000000000000000e+00 3.533389999999999809e+00 3.070599999999999952e+01 1.000000000000000000e+00 -1.430299999999999905e+00 6.250000000000000000e-01 2.457110000000000127e+00 1.140189999999999954e-01
2.010020100000000000e+07 9.467549999999999244e+00 1.000000000000000000e+00 3.302150000000000141e+00 3.071699999999999875e+01 1.000000000000000000e+00 -1.180320000000000036e+00 6.666670000000000096e-01 2.210609999999999964e+00 1.113689999999999958e-01
2.010020200000000000e+07 2.105549999999999855e+01 1.000000000000000000e+00 4.526320000000000121e+00 3.096199999999999974e+01 1.000000000000000000e+00 -2.026819999999999844e+00 6.041670000000000096e-01 3.223460000000000214e+00 9.536329999999999807e-02
2.010020300000000000e+07 2.322520000000000095e+01 1.000000000000000000e+00 4.453319999999999723e+00 3.112500000000000000e+01 1.000000000000000000e+00 -2.618980000000000086e+00 6.250000000000000000e-01 3.907929999999999904e+00 9.588439999999999463e-02
2.010020400000000000e+07 1.655839999999999890e+01 1.000000000000000000e+00 2.722599999999999909e+00 3.170400000000000063e+01 1.000000000000000000e+00 -1.934490000000000043e+00 6.875000000000000000e-01 2.827989999999999782e+00 7.810690000000000688e-02
2.010020500000000000e+07 3.247760000000000247e+01 1.000000000000000000e+00 3.975610000000000088e+00 3.323799999999999955e+01 1.000000000000000000e+00 -3.149620000000000086e+00 7.291670000000000096e-01 3.224940000000000140e+00 1.121199999999999974e-01
2.010020600000000000e+07 1.323900000000000077e+01 1.000000000000000000e+00 2.551950000000000163e+00 3.284000000000000341e+01 1.000000000000000000e+00 -8.279429999999999845e-01 1.000000000000000000e+00 8.279410000000000380e-01 1.043069999999999969e-01
2.010020700000000000e+07 2.840520000000000067e+01 1.000000000000000000e+00 3.939529999999999976e+00 3.264399999999999835e+01 1.000000000000000000e+00 -1.941370000000000040e+00 1.000000000000000000e+00 1.941370000000000040e+00 8.053849999999999898e-02
2.010020800000000000e+07 2.247119999999999962e+01 1.000000000000000000e+00 4.496850000000000236e+00 3.267799999999999727e+01 1.000000000000000000e+00 -1.938499999999999890e+00 9.583329999999999904e-01 1.938490000000000046e+00 8.720550000000000523e-02
2.010020900000000000e+07 1.353180000000000049e+01 1.000000000000000000e+00 4.027560000000000251e+00 3.256700000000000017e+01 1.000000000000000000e+00 -3.206409999999999982e+00 8.750000000000000000e-01 3.206420000000000048e+00 1.048990000000000061e-01
2.010021000000000000e+07 2.298979999999999890e+01 1.000000000000000000e+00 4.248319999999999652e+00 3.247899999999999920e+01 1.000000000000000000e+00 -1.279020000000000046e+00 1.000000000000000000e+00 1.279020000000000046e+00 1.105470000000000064e-01
2.010021100000000000e+07 3.112109999999999843e+01 1.000000000000000000e+00 3.993119999999999781e+00 3.242799999999999727e+01 1.000000000000000000e+00 -8.690210000000000434e-01 1.000000000000000000e+00 8.690219999999999612e-01 1.645220000000000016e-01
2.010021200000000000e+07 3.886019999999999897e+01 1.000000000000000000e+00 4.842789999999999928e+00 3.291899999999999693e+01 1.000000000000000000e+00 -1.698420000000000041e+00 1.000000000000000000e+00 1.698420000000000041e+00 1.024370000000000003e-01
2.010021300000000000e+07 1.514080000000000048e+01 1.000000000000000000e+00 3.884290000000000020e+00 3.299600000000000222e+01 1.000000000000000000e+00 -1.690830000000000055e+00 9.166670000000000096e-01 1.690830000000000055e+00 1.452680000000000082e-01
2.010021400000000000e+07 2.546409999999999840e+01 1.000000000000000000e+00 4.215709999999999624e+00 3.336299999999999955e+01 1.000000000000000000e+00 -1.665300000000000002e+00 8.541670000000000096e-01 1.665300000000000002e+00 1.464370000000000116e-01
2.010021500000000000e+07 1.707379999999999853e+01 1.000000000000000000e+00 3.298890000000000100e+00 3.350000000000000000e+01 1.000000000000000000e+00 -3.159619999999999873e+00 8.541670000000000096e-01 3.159619999999999873e+00 1.395109999999999961e-01
2.010021600000000000e+07 2.661609999999999943e+01 1.000000000000000000e+00 3.906550000000000189e+00 3.390400000000000347e+01 1.000000000000000000e+00 -3.296839999999999993e+00 8.750000000000000000e-01 3.296839999999999993e+00 1.961700000000000110e-01
2.010021700000000000e+07 2.104269999999999996e+01 1.000000000000000000e+00 3.641109999999999847e+00 3.370900000000000318e+01 1.000000000000000000e+00 -2.928360000000000074e+00 7.291670000000000096e-01 2.928360000000000074e+00 1.049479999999999996e-01
2.010021800000000000e+07 1.057520000000000060e+01 1.000000000000000000e+00 3.570429999999999993e+00 3.331499999999999773e+01 1.000000000000000000e+00 -3.421260000000000190e+00 3.958329999999999904e-01 3.421260000000000190e+00 1.301299999999999957e-01
2.010021900000000000e+07 1.448550000000000004e+01 1.000000000000000000e+00 3.478479999999999794e+00 3.288000000000000256e+01 1.000000000000000000e+00 -4.600850000000000328e+00 1.875000000000000000e-01 4.600850000000000328e+00 1.847320000000000073e-01
2.010022000000000000e+07 1.486589999999999989e+01 1.000000000000000000e+00 1.855879999999999974e+00 3.263400000000000034e+01 1.000000000000000000e+00 -4.689689999999999692e+00 0.000000000000000000e+00 4.689689999999999692e+00 1.938590000000000035e-01
2.010022100000000000e+07 1.069209999999999994e+01 1.000000000000000000e+00 1.829660000000000064e+00 3.223199999999999932e+01 1.000000000000000000e+00 -2.347700000000000120e+00 0.000000000000000000e+00 2.347700000000000120e+00 3.267140000000000322e-02
2.010022200000000000e+07 1.102810000000000024e+01 1.000000000000000000e+00 3.089379999999999793e+00 3.141300000000000026e+01 1.000000000000000000e+00 -3.040560000000000151e+00 0.000000000000000000e+00 3.040560000000000151e+00 8.999450000000000505e-02
2.010022300000000000e+07 1.237030000000000030e+01 1.000000000000000000e+00 4.207049999999999734e+00 3.103300000000000125e+01 1.000000000000000000e+00 -1.667689999999999895e+00 0.000000000000000000e+00 1.667680000000000051e+00 1.056099999999999955e-01
2.010022400000000000e+07 4.134400000000000119e+01 1.000000000000000000e+00 3.864599999999999813e+00 3.120799999999999841e+01 1.000000000000000000e+00 -1.891440000000000010e+00 0.000000000000000000e+00 1.891440000000000010e+00 8.489990000000000037e-02
2.010022500000000000e+07 3.493399999999999750e+01 1.000000000000000000e+00 2.887000000000000011e+00 3.158099999999999952e+01 1.000000000000000000e+00 -2.438289999999999846e+00 0.000000000000000000e+00 2.438289999999999846e+00 1.369660000000000044e-01
2.010022600000000000e+07 3.594650000000000034e+01 1.000000000000000000e+00 3.262270000000000003e+00 3.201500000000000057e+01 1.000000000000000000e+00 1.267270000000000063e-01 0.000000000000000000e+00 -1.267260000000000053e-01 2.020889999999999909e-01
2.010022700000000000e+07 2.894150000000000134e+01 1.000000000000000000e+00 3.777690000000000214e+00 3.197899999999999920e+01 1.000000000000000000e+00 -2.711359999999999992e+00 0.000000000000000000e+00 2.711359999999999992e+00 1.633640000000000092e-01
2.010022800000000000e+07 2.046209999999999951e+01 1.000000000000000000e+00 3.511480000000000157e+00 3.162099999999999866e+01 1.000000000000000000e+00 -2.325120000000000076e+00 0.000000000000000000e+00 2.325130000000000141e+00 1.683719999999999939e-01
2.010030100000000000e+07 2.001810000000000045e+01 1.000000000000000000e+00 3.596589999999999954e+00 3.127899999999999991e+01 1.000000000000000000e+00 -1.767579999999999929e+00 0.000000000000000000e+00 1.767579999999999929e+00 2.156409999999999993e-01
2.010030200000000000e+07 2.523110000000000142e+01 1.000000000000000000e+00 4.344960000000000377e+00 3.097500000000000142e+01 1.000000000000000000e+00 -1.699140000000000095e+00 0.000000000000000000e+00 1.699140000000000095e+00 1.930719999999999936e-01
2.010030300000000000e+07 1.511289999999999978e+01 1.000000000000000000e+00 2.591340000000000199e+00 3.105999999999999872e+01 1.000000000000000000e+00 -1.604579999999999895e+00 1.458329999999999904e-01 1.604579999999999895e+00 5.132040000000000213e-02
2.010030400000000000e+07 2.454830000000000112e+01 1.000000000000000000e+00 3.159069999999999823e+00 3.104599999999999937e+01 1.000000000000000000e+00 -2.499239999999999906e+00 8.541670000000000096e-01 2.499239999999999906e+00 4.687750000000000250e-02
2.010030500000000000e+07 1.245410000000000039e+01 1.000000000000000000e+00 3.338699999999999779e+00 3.092899999999999849e+01 1.000000000000000000e+00 -2.197569999999999801e+00 9.583329999999999904e-01 2.197579999999999867e+00 7.086749999999999994e-02
2.010030600000000000e+07 2.110539999999999949e+01 1.000000000000000000e+00 3.044849999999999834e+00 3.068299999999999983e+01 1.000000000000000000e+00 -2.561240000000000183e+00 8.750000000000000000e-01 2.561240000000000183e+00 7.283889999999999809e-02
2.010030700000000000e+07 3.202150000000000318e+01 1.000000000000000000e+00 2.971890000000000143e+00 3.049800000000000111e+01 1.000000000000000000e+00 -2.854719999999999924e+00 8.125000000000000000e-01 2.854719999999999924e+00 8.894820000000000504e-02
2.010030800000000000e+07 3.032440000000000069e+01 1.000000000000000000e+00 2.310070000000000068e+00 3.064600000000000080e+01 1.000000000000000000e+00 -1.908860000000000001e+00 1.000000000000000000e+00 1.908860000000000001e+00 3.355899999999999855e-02
2.010030900000000000e+07 1.807959999999999923e+01 1.000000000000000000e+00 2.188149999999999817e+00 3.064399999999999835e+01 1.000000000000000000e+00 -1.511030000000000095e+00 1.000000000000000000e+00 1.511030000000000095e+00 5.519639999999999963e-02
2.010031000000000000e+07 3.251489999999999725e+01 1.000000000000000000e+00 2.535530000000000062e+00 3.067099999999999937e+01 1.000000000000000000e+00 -1.818000000000000060e+00 1.000000000000000000e+00 1.818000000000000060e+00 4.399120000000000114e-02
2.010031100000000000e+07 3.855989999999999895e+01 1.000000000000000000e+00 3.389540000000000219e+00 3.032700000000000173e+01 1.000000000000000000e+00 -2.715019999999999989e+00 8.958329999999999904e-01 2.715019999999999989e+00 5.880760000000000154e-02
2.010031200000000000e+07 3.091310000000000002e+01 1.000000000000000000e+00 2.515179999999999971e+00 3.050400000000000134e+01 1.000000000000000000e+00 -1.569620000000000015e+00 9.166670000000000096e-01 1.569620000000000015e+00 6.257229999999999737e-02
2.010031300000000000e+07 2.108389999999999986e+01 1.000000000000000000e+00 2.311319999999999819e+00 3.048300000000000054e+01 1.000000000000000000e+00 -2.270350000000000090e+00 1.000000000000000000e+00 2.270770000000000177e+00 3.426549999999999735e-02
2.010031400000000000e+07 1.266750000000000043e+01 1.000000000000000000e+00 3.484440000000000204e+00 3.026899999999999835e+01 1.000000000000000000e+00 -3.253880000000000106e+00 8.750000000000000000e-01 3.338369999999999838e+00 8.768660000000000343e-02
2.010031500000000000e+07 2.036919999999999931e+01 1.000000000000000000e+00 2.816089999999999982e+00 2.996499999999999986e+01 1.000000000000000000e+00 -3.232650000000000023e+00 8.333329999999999904e-01 3.496529999999999916e+00 1.637069999999999914e-01
2.010031600000000000e+07 2.510460000000000136e+01 1.000000000000000000e+00 3.551899999999999835e+00 2.978999999999999915e+01 1.000000000000000000e+00 -4.144759999999999778e+00 9.166670000000000096e-01 4.551280000000000214e+00 1.167929999999999940e-01
2.010031700000000000e+07 1.619180000000000064e+01 1.000000000000000000e+00 4.716099999999999959e+00 2.992099999999999937e+01 1.000000000000000000e+00 -3.443970000000000198e+00 9.791670000000000096e-01 3.895739999999999981e+00 5.970840000000000175e-02
2.010031800000000000e+07 1.740840000000000032e+01 1.000000000000000000e+00 3.902629999999999821e+00 2.984400000000000119e+01 1.000000000000000000e+00 -4.012809999999999988e+00 8.125000000000000000e-01 4.625770000000000159e+00 1.043079999999999979e-01
2.010031900000000000e+07 2.077139999999999986e+01 1.000000000000000000e+00 3.016620000000000079e+00 2.965200000000000102e+01 1.000000000000000000e+00 -3.737989999999999924e+00 8.125000000000000000e-01 4.505620000000000402e+00 1.274619999999999920e-01
2.010032000000000000e+07 2.735960000000000036e+01 1.000000000000000000e+00 3.244050000000000100e+00 2.920799999999999841e+01 1.000000000000000000e+00 -2.761350000000000193e+00 9.583329999999999904e-01 3.854379999999999917e+00 1.051900000000000057e-01
2.010032100000000000e+07 4.219669999999999987e+01 1.000000000000000000e+00 4.290720000000000312e+00 2.915599999999999881e+01 1.000000000000000000e+00 -2.473739999999999828e+00 1.000000000000000000e+00 3.393759999999999888e+00 1.224029999999999979e-01
2.010032200000000000e+07 5.354650000000000176e+01 1.000000000000000000e+00 5.987700000000000244e+00 2.955399999999999849e+01 1.000000000000000000e+00 -3.177719999999999878e+00 9.375000000000000000e-01 3.910600000000000076e+00 4.417519999999999780e-02
2.010032300000000000e+07 2.706919999999999860e+01 1.000000000000000000e+00 5.868719999999999715e+00 2.942899999999999849e+01 1.000000000000000000e+00 -4.425930000000000142e+00 1.000000000000000000e+00 4.992399999999999949e+00 1.176910000000000039e-01
2.010032400000000000e+07 3.224949999999999761e+01 1.000000000000000000e+00 5.449069999999999858e+00 2.899399999999999977e+01 1.000000000000000000e+00 -3.615530000000000133e+00 9.583329999999999904e-01 3.877450000000000063e+00 1.685359999999999914e-01
2.010032500000000000e+07 6.187429999999999808e+01 1.000000000000000000e+00 5.468340000000000423e+00 2.899200000000000088e+01 1.000000000000000000e+00 -4.473399999999999821e+00 1.000000000000000000e+00 4.478100000000000414e+00 1.800840000000000080e-02
2.010032600000000000e+07 7.974779999999999802e+01 1.000000000000000000e+00 7.039520000000000444e+00 2.991100000000000136e+01 9.791670000000000096e-01 -2.860630000000000006e+00 1.000000000000000000e+00 2.860630000000000006e+00 3.395179999999999726e-02
2.010032700000000000e+07 4.051650000000000063e+01 1.000000000000000000e+00 4.579670000000000130e+00 3.061499999999999844e+01 1.000000000000000000e+00 -3.011680000000000135e+00 8.750000000000000000e-01 3.011680000000000135e+00 9.972689999999999333e-02
2.010032800000000000e+07 7.277930000000000632e+01 1.000000000000000000e+00 6.846370000000000289e+00 3.012900000000000134e+01 1.000000000000000000e+00 -6.697949999999999626e+00 9.375000000000000000e-01 6.697949999999999626e+00 1.739149999999999863e-01
2.010032900000000000e+07 5.694030000000000058e+01 1.000000000000000000e+00 4.573809999999999931e+00 3.186100000000000065e+01 1.000000000000000000e+00 -3.383329999999999949e+00 1.000000000000000000e+00 3.383329999999999949e+00 1.334200000000000108e-01
2.010033000000000000e+07 9.282519999999999527e+01 1.000000000000000000e+00 6.793180000000000440e+00 3.279399999999999693e+01 1.000000000000000000e+00 -2.098529999999999784e+00 1.000000000000000000e+00 2.098529999999999784e+00 3.957360000000000044e-02
2.010033100000000000e+07 5.774680000000000035e+01 1.000000000000000000e+00 5.952040000000000219e+00 3.252300000000000324e+01 1.000000000000000000e+00 -3.348479999999999901e+00 1.000000000000000000e+00 3.348479999999999901e+00 5.646459999999999674e-02
2.010040100000000000e+07 3.653280000000000172e+01 1.000000000000000000e+00 6.289909999999999890e+00 3.211099999999999710e+01 1.000000000000000000e+00 -2.848469999999999835e+00 1.000000000000000000e+00 2.848469999999999835e+00 7.156500000000000361e-02
2.010040200000000000e+07 7.916880000000000450e+01 1.000000000000000000e+00 6.459629999999999761e+00 3.214399999999999835e+01 1.000000000000000000e+00 -3.740540000000000198e+00 1.000000000000000000e+00 3.740540000000000198e+00 2.865689999999999904e-02
2.010040300000000000e+07 6.732920000000000016e+01 1.000000000000000000e+00 6.520249999999999879e+00 3.225500000000000256e+01 1.000000000000000000e+00 -1.564230000000000009e+00 1.000000000000000000e+00 1.574880000000000058e+00 9.518020000000000647e-02
2.010040400000000000e+07 5.050419999999999732e+01 1.000000000000000000e+00 5.990560000000000329e+00 3.206700000000000017e+01 1.000000000000000000e+00 -9.938230000000000119e-01 1.000000000000000000e+00 1.053320000000000034e+00 6.381929999999999548e-02
2.010040500000000000e+07 4.602850000000000108e+01 1.000000000000000000e+00 5.147599999999999731e+00 3.210199999999999676e+01 1.000000000000000000e+00 -2.739040000000000141e+00 1.000000000000000000e+00 2.852189999999999781e+00 4.486849999999999866e-02
2.010040600000000000e+07 4.579180000000000206e+01 1.000000000000000000e+00 4.331850000000000200e+00 3.255199999999999960e+01 1.000000000000000000e+00 -3.137970000000000148e+00 1.000000000000000000e+00 3.411399999999999988e+00 1.429440000000000051e-02
2.010040700000000000e+07 4.485629999999999740e+01 1.000000000000000000e+00 4.092399999999999594e+00 3.237500000000000000e+01 1.000000000000000000e+00 -2.808959999999999901e+00 8.541670000000000096e-01 3.496020000000000127e+00 8.935759999999999537e-02
2.010040800000000000e+07 7.022299999999999898e+01 1.000000000000000000e+00 5.233719999999999928e+00 3.276299999999999812e+01 1.000000000000000000e+00 -2.300489999999999924e+00 1.000000000000000000e+00 2.810000000000000053e+00 5.991570000000000229e-02
2.010040900000000000e+07 2.407130000000000081e+01 1.000000000000000000e+00 3.950959999999999805e+00 3.255599999999999739e+01 1.000000000000000000e+00 -3.406519999999999992e+00 9.791670000000000096e-01 4.204139999999999766e+00 5.220290000000000347e-02
2.010041000000000000e+07 2.104889999999999972e+01 1.000000000000000000e+00 5.672220000000000262e+00 3.214200000000000301e+01 1.000000000000000000e+00 -2.250929999999999875e+00 1.000000000000000000e+00 3.238140000000000018e+00 7.705639999999999712e-02
2.010041100000000000e+07 2.593440000000000012e+01 1.000000000000000000e+00 3.722459999999999880e+00 3.203999999999999915e+01 1.000000000000000000e+00 -2.073259999999999881e+00 9.791670000000000096e-01 3.345600000000000129e+00 4.500219999999999915e-02
2.010041200000000000e+07 5.530780000000000030e+01 1.000000000000000000e+00 6.256750000000000256e+00 3.344599999999999795e+01 1.000000000000000000e+00 -2.821849999999999969e+00 9.583329999999999904e-01 4.250070000000000014e+00 3.518679999999999725e-02
2.010041300000000000e+07 5.659029999999999916e+01 1.000000000000000000e+00 6.159480000000000288e+00 3.250000000000000000e+01 1.000000000000000000e+00 -3.402120000000000033e+00 1.000000000000000000e+00 4.903240000000000265e+00 1.447850000000000005e-02
2.010041400000000000e+07 3.494109999999999872e+01 1.000000000000000000e+00 5.991520000000000401e+00 3.211899999999999977e+01 1.000000000000000000e+00 -2.657109999999999861e+00 9.583329999999999904e-01 4.350979999999999848e+00 4.045170000000000016e-02
2.010041500000000000e+07 6.943059999999999832e+01 1.000000000000000000e+00 5.729099999999999859e+00 3.217699999999999960e+01 1.000000000000000000e+00 -3.314649999999999874e+00 1.000000000000000000e+00 5.233929999999999971e+00 6.675419999999999965e-02
2.010041600000000000e+07 5.931790000000000163e+01 1.000000000000000000e+00 4.411170000000000258e+00 3.150600000000000023e+01 1.000000000000000000e+00 -3.251259999999999817e+00 1.000000000000000000e+00 5.565850000000000186e+00 4.692090000000000150e-02
2.010041700000000000e+07 6.588410000000000366e+01 1.000000000000000000e+00 4.508659999999999890e+00 3.105799999999999983e+01 1.000000000000000000e+00 -3.891680000000000028e+00 1.000000000000000000e+00 6.326640000000000263e+00 3.785329999999999945e-02
2.010041800000000000e+07 5.576420000000000243e+01 1.000000000000000000e+00 4.265690000000000204e+00 3.059600000000000009e+01 1.000000000000000000e+00 -4.490490000000000315e+00 9.375000000000000000e-01 7.196449999999999569e+00 6.798450000000000326e-02
2.010041900000000000e+07 4.272330000000000183e+01 1.000000000000000000e+00 3.821810000000000151e+00 3.027899999999999991e+01 1.000000000000000000e+00 -2.124150000000000205e+00 9.791670000000000096e-01 4.927719999999999878e+00 4.715119999999999728e-02
2.010042000000000000e+07 3.689840000000000231e+01 1.000000000000000000e+00 4.156880000000000130e+00 3.058699999999999974e+01 1.000000000000000000e+00 -7.741890000000000160e-01 1.000000000000000000e+00 2.482590000000000074e+00 1.133500000000000063e-01
2.010042100000000000e+07 8.723659999999999570e+01 1.000000000000000000e+00 5.686329999999999885e+00 3.109400000000000119e+01 1.000000000000000000e+00 -4.130180000000000184e+00 9.791670000000000096e-01 4.885869999999999713e+00 7.769620000000000692e-02
2.010042200000000000e+07 7.278669999999999618e+01 1.000000000000000000e+00 5.709200000000000053e+00 3.060200000000000031e+01 1.000000000000000000e+00 -4.581739999999999924e+00 9.791670000000000096e-01 4.787169999999999703e+00 1.311130000000000073e-01
2.010042300000000000e+07 7.249670000000000414e+01 1.000000000000000000e+00 5.639370000000000438e+00 3.015399999999999991e+01 1.000000000000000000e+00 -6.215790000000000148e+00 9.375000000000000000e-01 6.215790000000000148e+00 1.061290000000000011e-01
2.010042400000000000e+07 7.220799999999999841e+01 1.000000000000000000e+00 6.661030000000000229e+00 3.010000000000000142e+01 1.000000000000000000e+00 -6.952869999999999884e+00 1.000000000000000000e+00 6.952869999999999884e+00 2.746960000000000027e-02
2.010042500000000000e+07 5.423080000000000211e+01 1.000000000000000000e+00 4.845749999999999780e+00 2.971000000000000085e+01 1.000000000000000000e+00 -4.242460000000000342e+00 8.958329999999999904e-01 4.242460000000000342e+00 4.792199999999999932e-02
2.010042600000000000e+07 3.855149999999999721e+01 1.000000000000000000e+00 3.503089999999999815e+00 2.948300000000000054e+01 1.000000000000000000e+00 -2.659009999999999874e+00 9.583329999999999904e-01 2.659009999999999874e+00 4.445779999999999871e-02
2.010042700000000000e+07 6.355930000000000035e+01 1.000000000000000000e+00 5.315030000000000143e+00 2.961700000000000088e+01 1.000000000000000000e+00 -4.201329999999999565e+00 1.000000000000000000e+00 4.208169999999999966e+00 1.931739999999999846e-02
2.010042800000000000e+07 8.961459999999999582e+01 1.000000000000000000e+00 6.052179999999999893e+00 2.973300000000000054e+01 1.000000000000000000e+00 -5.484420000000000073e+00 1.000000000000000000e+00 5.541310000000000180e+00 2.958329999999999987e-02
2.010042900000000000e+07 5.092699999999999960e+01 1.000000000000000000e+00 4.233970000000000233e+00 2.972500000000000142e+01 1.000000000000000000e+00 -4.682730000000000281e+00 1.000000000000000000e+00 4.800480000000000302e+00 1.488390000000000025e-02
2.010043000000000000e+07 5.070929999999999893e+01 1.000000000000000000e+00 5.806969999999999743e+00 2.930999999999999872e+01 1.000000000000000000e+00 -5.790289999999999715e+00 1.000000000000000000e+00 5.987510000000000332e+00 1.247569999999999929e-02
2.010050100000000000e+07 6.873319999999999652e+01 1.000000000000000000e+00 5.474520000000000053e+00 2.916000000000000014e+01 1.000000000000000000e+00 -4.399779999999999802e+00 1.000000000000000000e+00 4.582539999999999836e+00 1.660609999999999864e-02
2.010050200000000000e+07 5.633279999999999887e+01 1.000000000000000000e+00 4.709220000000000184e+00 2.877299999999999969e+01 1.000000000000000000e+00 -5.817890000000000228e+00 1.000000000000000000e+00 5.880969999999999587e+00 3.219999999999999946e-02
2.010050300000000000e+07 7.772969999999999402e+01 1.000000000000000000e+00 5.687999999999999723e+00 2.877899999999999991e+01 1.000000000000000000e+00 -5.294570000000000221e+00 1.000000000000000000e+00 5.422729999999999606e+00 6.789309999999999790e-03
2.010050400000000000e+07 8.908769999999999811e+01 1.000000000000000000e+00 5.355249999999999844e+00 2.921499999999999986e+01 1.000000000000000000e+00 -3.722480000000000011e+00 1.000000000000000000e+00 4.087959999999999816e+00 5.877860000000000029e-02
2.010050500000000000e+07 4.883129999999999882e+01 1.000000000000000000e+00 4.185360000000000191e+00 2.931200000000000117e+01 1.000000000000000000e+00 -3.009630000000000027e+00 1.000000000000000000e+00 3.585770000000000124e+00 3.429920000000000191e-02
2.010050600000000000e+07 3.870609999999999928e+01 1.000000000000000000e+00 4.338359999999999772e+00 2.892299999999999827e+01 1.000000000000000000e+00 -4.516899999999999693e+00 1.000000000000000000e+00 5.607240000000000002e+00 2.410160000000000080e-02
2.010050700000000000e+07 3.318999999999999773e+01 1.000000000000000000e+00 4.035129999999999661e+00 2.859199999999999875e+01 1.000000000000000000e+00 -3.643050000000000122e+00 9.791670000000000096e-01 5.224470000000000169e+00 1.956679999999999878e-02
2.010050800000000000e+07 5.959100000000000108e+01 1.000000000000000000e+00 4.459620000000000140e+00 2.822500000000000142e+01 1.000000000000000000e+00 -5.215349999999999930e+00 1.000000000000000000e+00 7.360990000000000144e+00 2.821219999999999978e-02
2.010050900000000000e+07 5.087160000000000082e+01 1.000000000000000000e+00 4.437289999999999957e+00 2.804599999999999937e+01 1.000000000000000000e+00 -3.713579999999999881e+00 1.000000000000000000e+00 6.111100000000000421e+00 2.300129999999999883e-02
2.010051000000000000e+07 6.573640000000000327e+01 1.000000000000000000e+00 4.429700000000000415e+00 2.874200000000000088e+01 1.000000000000000000e+00 -2.366740000000000066e+00 9.583329999999999904e-01 4.370359999999999800e+00 2.751970000000000111e-02
2.010051100000000000e+07 9.090030000000000143e+01 1.000000000000000000e+00 5.568469999999999587e+00 2.863599999999999923e+01 1.000000000000000000e+00 -4.554750000000000298e+00 1.000000000000000000e+00 6.885480000000000267e+00 2.586559999999999901e-02
2.010051200000000000e+07 5.626650000000000063e+01 1.000000000000000000e+00 5.131639999999999979e+00 2.817299999999999827e+01 1.000000000000000000e+00 -4.334349999999999703e+00 8.333329999999999904e-01 6.939259999999999984e+00 5.487270000000000342e-02
2.010051300000000000e+07 6.920709999999999695e+01 1.000000000000000000e+00 5.276049999999999685e+00 2.766900000000000048e+01 1.000000000000000000e+00 -4.600970000000000226e+00 9.166670000000000096e-01 7.544599999999999973e+00 5.375560000000000060e-02
2.010051400000000000e+07 7.527280000000000371e+01 1.000000000000000000e+00 4.994030000000000413e+00 2.712099999999999866e+01 1.000000000000000000e+00 -3.390039999999999942e+00 1.000000000000000000e+00 6.481020000000000003e+00 8.384289999999999798e-02
2.010051500000000000e+07 7.633159999999999457e+01 1.000000000000000000e+00 4.701830000000000176e+00 2.667099999999999937e+01 1.000000000000000000e+00 -3.398340000000000138e+00 1.000000000000000000e+00 6.323479999999999990e+00 9.310309999999999420e-02
2.010051600000000000e+07 7.432890000000000441e+01 1.000000000000000000e+00 4.947549999999999670e+00 2.662699999999999889e+01 1.000000000000000000e+00 -2.526299999999999990e+00 8.750000000000000000e-01 5.150839999999999641e+00 8.771439999999999793e-02
2.010051700000000000e+07 7.486060000000000514e+01 1.000000000000000000e+00 4.918709999999999916e+00 2.720499999999999829e+01 1.000000000000000000e+00 -3.059719999999999995e+00 7.083329999999999904e-01 5.122679999999999900e+00 6.584230000000000638e-02
2.010051800000000000e+07 9.156229999999999336e+01 1.000000000000000000e+00 5.215910000000000046e+00 2.711899999999999977e+01 1.000000000000000000e+00 -6.825029999999999930e+00 1.000000000000000000e+00 8.344089999999999563e+00 3.625880000000000075e-02
2.010051900000000000e+07 9.576590000000000202e+01 1.000000000000000000e+00 5.760710000000000441e+00 2.712099999999999866e+01 1.000000000000000000e+00 -4.365330000000000155e+00 8.750000000000000000e-01 5.763279999999999959e+00 3.197629999999999917e-02
2.010052000000000000e+07 1.219030000000000058e+02 1.000000000000000000e+00 6.823459999999999859e+00 2.745700000000000074e+01 1.000000000000000000e+00 -4.798160000000000203e+00 1.000000000000000000e+00 5.737759999999999749e+00 6.698999999999999400e-02
2.010052100000000000e+07 5.150580000000000069e+01 1.000000000000000000e+00 5.296999999999999709e+00 2.738800000000000168e+01 1.000000000000000000e+00 -5.014249999999999652e+00 1.000000000000000000e+00 6.108609999999999651e+00 2.755700000000000163e-02
2.010052200000000000e+07 6.699989999999999668e+01 1.000000000000000000e+00 5.889929999999999666e+00 2.716300000000000026e+01 1.000000000000000000e+00 -6.450409999999999755e+00 1.000000000000000000e+00 7.983850000000000335e+00 3.010279999999999900e-02
2.010052300000000000e+07 5.098989999999999867e+01 1.000000000000000000e+00 4.677539999999999587e+00 2.699399999999999977e+01 1.000000000000000000e+00 -5.662910000000000110e+00 1.000000000000000000e+00 7.496769999999999712e+00 3.173949999999999688e-02
2.010052400000000000e+07 5.865169999999999817e+01 1.000000000000000000e+00 5.114609999999999879e+00 2.657900000000000063e+01 1.000000000000000000e+00 -5.249679999999999680e+00 1.000000000000000000e+00 7.636280000000000179e+00 3.272749999999999965e-02
2.010052500000000000e+07 5.173510000000000275e+01 1.000000000000000000e+00 4.963619999999999699e+00 2.642699999999999960e+01 1.000000000000000000e+00 -2.511319999999999997e+00 1.000000000000000000e+00 5.317879999999999718e+00 3.443539999999999796e-02
2.010052600000000000e+07 8.146980000000000643e+01 1.000000000000000000e+00 6.321030000000000371e+00 2.636899999999999977e+01 1.000000000000000000e+00 -3.866750000000000131e+00 1.000000000000000000e+00 6.664629999999999832e+00 5.528620000000000062e-02
2.010052700000000000e+07 6.493330000000000268e+01 1.000000000000000000e+00 5.381890000000000285e+00 2.636700000000000088e+01 1.000000000000000000e+00 -3.060919999999999863e+00 9.791670000000000096e-01 5.928829999999999600e+00 4.146729999999999861e-02
2.010052800000000000e+07 6.679139999999999588e+01 1.000000000000000000e+00 5.096400000000000041e+00 2.619399999999999906e+01 1.000000000000000000e+00 -5.587690000000000268e+00 1.000000000000000000e+00 8.422909999999999897e+00 1.179709999999999960e-02
2.010052900000000000e+07 7.548409999999999798e+01 1.000000000000000000e+00 5.913389999999999702e+00 2.570700000000000074e+01 1.000000000000000000e+00 -4.882659999999999556e+00 1.000000000000000000e+00 8.135080000000000311e+00 7.012279999999999902e-02
2.010053000000000000e+07 6.886310000000000286e+01 1.000000000000000000e+00 6.738819999999999588e+00 2.525199999999999889e+01 1.000000000000000000e+00 -3.112480000000000135e+00 9.375000000000000000e-01 6.765979999999999883e+00 5.459300000000000264e-02
2.010053100000000000e+07 9.409829999999999472e+01 1.000000000000000000e+00 7.495429999999999815e+00 2.502899999999999991e+01 1.000000000000000000e+00 -4.671750000000000291e+00 1.000000000000000000e+00 8.091469999999999274e+00 2.607740000000000058e-02
2.010060100000000000e+07 6.415380000000000393e+01 1.000000000000000000e+00 6.148550000000000182e+00 2.470400000000000063e+01 1.000000000000000000e+00 -3.812129999999999797e+00 1.000000000000000000e+00 7.368019999999999570e+00 2.129680000000000115e-02
2.010060200000000000e+07 1.000120000000000005e+02 1.000000000000000000e+00 7.159860000000000113e+00 2.567699999999999960e+01 1.000000000000000000e+00 -7.336719999999999908e-01 1.000000000000000000e+00 4.467649999999999899e+00 9.338559999999999917e-02
2.010060300000000000e+07 7.775610000000000355e+01 1.000000000000000000e+00 7.940629999999999633e+00 2.706700000000000017e+01 1.000000000000000000e+00 -1.466110000000000024e+00 1.000000000000000000e+00 4.828590000000000160e+00 9.097040000000000681e-02
2.010060400000000000e+07 1.335829999999999984e+02 1.000000000000000000e+00 8.336330000000000240e+00 3.121499999999999986e+01 1.000000000000000000e+00 -6.346420000000000172e+00 1.000000000000000000e+00 1.030150000000000077e+01 3.247250000000000136e-02
2.010060500000000000e+07 8.877630000000000621e+01 1.000000000000000000e+00 7.812310000000000088e+00 2.993799999999999883e+01 1.000000000000000000e+00 -3.510060000000000180e+00 1.000000000000000000e+00 8.100049999999999528e+00 9.232020000000000504e-02
2.010060600000000000e+07 1.037219999999999942e+02 1.000000000000000000e+00 8.406520000000000437e+00 2.955199999999999960e+01 1.000000000000000000e+00 -3.273579999999999934e+00 1.000000000000000000e+00 8.271979999999999222e+00 6.803019999999999901e-02
2.010060700000000000e+07 1.164399999999999977e+02 1.000000000000000000e+00 8.298189999999999955e+00 2.935399999999999920e+01 1.000000000000000000e+00 -4.453899999999999970e+00 1.000000000000000000e+00 9.641469999999999985e+00 1.352270000000000139e-01
2.010060800000000000e+07 7.032699999999999818e+01 1.000000000000000000e+00 6.297740000000000116e+00 2.893799999999999883e+01 1.000000000000000000e+00 -1.303940000000000099e+00 9.791670000000000096e-01 7.267360000000000042e+00 1.398830000000000073e-01
2.010060900000000000e+07 1.342429999999999950e+02 1.000000000000000000e+00 8.048909999999999343e+00 2.897899999999999920e+01 1.000000000000000000e+00 -3.898299999999999876e+00 1.000000000000000000e+00 8.835889999999999134e+00 7.227930000000000466e-02
2.010061000000000000e+07 5.559290000000000020e+01 1.000000000000000000e+00 5.073470000000000368e+00 2.905399999999999849e+01 1.000000000000000000e+00 -5.637480000000000047e+00 1.000000000000000000e+00 9.703260000000000218e+00 3.895309999999999745e-02
2.010061100000000000e+07 6.612220000000000653e+01 1.000000000000000000e+00 6.007089999999999819e+00 2.859199999999999875e+01 1.000000000000000000e+00 -4.606010000000000382e+00 1.000000000000000000e+00 9.768330000000000624e+00 1.427390000000000048e-01
2.010061200000000000e+07 7.254380000000000450e+01 1.000000000000000000e+00 7.029880000000000351e+00 2.800700000000000145e+01 1.000000000000000000e+00 -1.952350000000000030e+00 9.583329999999999904e-01 8.357979999999999521e+00 1.983080000000000120e-01
2.010061300000000000e+07 1.137309999999999945e+02 1.000000000000000000e+00 6.522079999999999878e+00 2.742699999999999960e+01 1.000000000000000000e+00 -1.444169999999999954e+00 9.791670000000000096e-01 8.464169999999999305e+00 1.621700000000000086e-01
2.010061400000000000e+07 1.069270000000000067e+02 1.000000000000000000e+00 7.253759999999999764e+00 2.716499999999999915e+01 1.000000000000000000e+00 -4.048540000000000028e+00 1.000000000000000000e+00 9.636770000000000280e+00 8.553470000000000517e-02
2.010061500000000000e+07 7.556789999999999452e+01 1.000000000000000000e+00 4.947490000000000165e+00 2.717800000000000082e+01 1.000000000000000000e+00 -5.844890000000000363e+00 1.000000000000000000e+00 9.767480000000000828e+00 1.107379999999999996e-02
2.010061600000000000e+07 4.360000000000000142e+01 1.000000000000000000e+00 4.469190000000000218e+00 2.708599999999999852e+01 1.000000000000000000e+00 -3.947470000000000034e+00 1.000000000000000000e+00 7.731119999999999770e+00 1.054910000000000049e-02
2.010061700000000000e+07 8.101930000000000121e+01 1.000000000000000000e+00 4.802240000000000286e+00 2.653800000000000026e+01 1.000000000000000000e+00 -6.073620000000000019e+00 9.791670000000000096e-01 1.093099999999999916e+01 6.147899999999999893e-02
2.010061800000000000e+07 6.019189999999999685e+01 1.000000000000000000e+00 4.285479999999999734e+00 2.620899999999999963e+01 1.000000000000000000e+00 -3.482670000000000154e+00 8.958329999999999904e-01 9.019030000000000769e+00 7.129889999999999839e-02
2.010061900000000000e+07 7.771550000000000580e+01 1.000000000000000000e+00 4.931910000000000238e+00 2.585600000000000165e+01 1.000000000000000000e+00 -4.572549999999999670e+00 1.000000000000000000e+00 9.907270000000000465e+00 2.400160000000000141e-02
2.010062000000000000e+07 6.768229999999999791e+01 1.000000000000000000e+00 4.147560000000000358e+00 2.563599999999999923e+01 1.000000000000000000e+00 -5.950179999999999580e+00 1.000000000000000000e+00 1.117309999999999981e+01 3.452460000000000251e-02
2.010062100000000000e+07 8.853950000000000387e+01 1.000000000000000000e+00 5.787659999999999805e+00 2.510200000000000031e+01 1.000000000000000000e+00 -3.259739999999999860e+00 9.375000000000000000e-01 1.007280000000000086e+01 9.420470000000000232e-02
2.010062200000000000e+07 9.614409999999999457e+01 1.000000000000000000e+00 6.185710000000000264e+00 2.455600000000000094e+01 1.000000000000000000e+00 -1.334719999999999906e+00 8.750000000000000000e-01 9.228910000000000835e+00 8.062210000000000210e-02
2.010062300000000000e+07 7.965739999999999554e+01 1.000000000000000000e+00 5.330809999999999604e+00 2.390800000000000125e+01 1.000000000000000000e+00 -2.030250000000000110e-01 9.791670000000000096e-01 8.840730000000000643e+00 6.759179999999999355e-02
2.010062400000000000e+07 1.139909999999999997e+02 1.000000000000000000e+00 6.149119999999999919e+00 2.339399999999999835e+01 1.000000000000000000e+00 -1.221360000000000001e+00 9.375000000000000000e-01 9.730980000000000629e+00 6.430130000000000567e-02
2.010062500000000000e+07 1.202229999999999990e+02 1.000000000000000000e+00 5.916710000000000136e+00 2.283999999999999986e+01 1.000000000000000000e+00 -1.571809999999999929e+00 1.000000000000000000e+00 9.335490000000000066e+00 2.431650000000000131e-02
2.010062600000000000e+07 1.177289999999999992e+02 1.000000000000000000e+00 6.256770000000000387e+00 2.233099999999999952e+01 1.000000000000000000e+00 -1.700970000000000093e+00 9.791670000000000096e-01 9.493869999999999365e+00 3.918270000000000086e-02
2.010062700000000000e+07 1.461959999999999980e+02 1.000000000000000000e+00 6.139990000000000059e+00 2.169000000000000128e+01 1.000000000000000000e+00 -1.101580000000000004e+00 9.583329999999999904e-01 9.169090000000000629e+00 4.414560000000000012e-02
2.010062800000000000e+07 1.205460000000000065e+02 1.000000000000000000e+00 6.321979999999999933e+00 2.108099999999999952e+01 1.000000000000000000e+00 -1.626200000000000090e+00 1.000000000000000000e+00 9.471930000000000405e+00 1.839429999999999885e-02
2.010062900000000000e+07 1.085829999999999984e+02 1.000000000000000000e+00 6.157630000000000159e+00 2.071300000000000097e+01 1.000000000000000000e+00 -4.395059999999999967e+00 1.000000000000000000e+00 1.057890000000000086e+01 1.374380000000000046e-02
2.010063000000000000e+07 8.317719999999999914e+01 1.000000000000000000e+00 5.062079999999999913e+00 2.044999999999999929e+01 1.000000000000000000e+00 -4.189549999999999663e+00 9.166670000000000096e-01 1.020979999999999954e+01 1.214009999999999916e-02
2.010070100000000000e+07 9.490200000000000102e+01 1.000000000000000000e+00 5.554549999999999876e+00 1.982700000000000173e+01 1.000000000000000000e+00 -4.002699999999999925e+00 1.000000000000000000e+00 1.002439999999999998e+01 2.452119999999999994e-02
2.010070200000000000e+07 8.386960000000000548e+01 9.791670000000000096e-01 5.353539999999999743e+00 1.965200000000000102e+01 1.000000000000000000e+00 -4.616660000000000430e+00 9.166670000000000096e-01 9.899680000000000035e+00 3.567000000000000032e-02
2.010070300000000000e+07 7.977949999999999875e+01 1.000000000000000000e+00 5.130399999999999849e+00 1.927700000000000102e+01 1.000000000000000000e+00 -3.855739999999999945e+00 8.958329999999999904e-01 1.019120000000000026e+01 4.376850000000000185e-02
2.010070400000000000e+07 1.107810000000000059e+02 1.000000000000000000e+00 6.234049999999999869e+00 1.867099999999999937e+01 1.000000000000000000e+00 -3.495810000000000084e+00 1.000000000000000000e+00 1.068900000000000006e+01 3.194770000000000248e-02
2.010070500000000000e+07 9.554110000000000014e+01 1.000000000000000000e+00 5.930250000000000021e+00 1.814000000000000057e+01 1.000000000000000000e+00 -2.450330000000000119e+00 9.791670000000000096e-01 9.758589999999999876e+00 3.242049999999999793e-02
2.010070600000000000e+07 8.650900000000000034e+01 1.000000000000000000e+00 5.975799999999999557e+00 1.759799999999999898e+01 1.000000000000000000e+00 -1.536780000000000035e+00 9.375000000000000000e-01 9.614390000000000214e+00 1.097629999999999995e-01
2.010070700000000000e+07 1.019189999999999969e+02 1.000000000000000000e+00 6.075179999999999580e+00 1.681899999999999906e+01 1.000000000000000000e+00 -1.858539999999999914e-01 7.916670000000000096e-01 9.629490000000000549e+00 7.142650000000000388e-02
2.010070800000000000e+07 9.755370000000000630e+01 1.000000000000000000e+00 5.750479999999999592e+00 1.605000000000000071e+01 1.000000000000000000e+00 1.195549999999999891e+00 6.458329999999999904e-01 9.529159999999999187e+00 9.469470000000000665e-02
2.010070900000000000e+07 9.967860000000000298e+01 1.000000000000000000e+00 6.340119999999999756e+00 1.542300000000000004e+01 1.000000000000000000e+00 3.102219999999999978e+00 9.375000000000000000e-01 7.589669999999999916e+00 9.585130000000000039e-02
2.010071000000000000e+07 1.316009999999999991e+02 1.000000000000000000e+00 6.798119999999999941e+00 1.489199999999999946e+01 1.000000000000000000e+00 6.544619999999999882e-01 9.583329999999999904e-01 8.953229999999999578e+00 3.711319999999999897e-02
2.010071100000000000e+07 1.299780000000000086e+02 1.000000000000000000e+00 6.309689999999999799e+00 1.442300000000000004e+01 1.000000000000000000e+00 2.614350000000000094e-03 8.750000000000000000e-01 9.151880000000000237e+00 2.607179999999999914e-02
2.010071200000000000e+07 1.438629999999999995e+02 1.000000000000000000e+00 6.310670000000000002e+00 1.410699999999999932e+01 1.000000000000000000e+00 -2.786329999999999973e+00 1.000000000000000000e+00 1.063659999999999961e+01 4.266210000000000314e-03
2.010071300000000000e+07 1.157789999999999964e+02 1.000000000000000000e+00 6.295110000000000205e+00 1.396499999999999986e+01 1.000000000000000000e+00 -2.819719999999999782e+00 6.666670000000000096e-01 9.832019999999999982e+00 3.040549999999999850e-02
2.010071400000000000e+07 8.917860000000000298e+01 1.000000000000000000e+00 5.802810000000000024e+00 1.360800000000000054e+01 1.000000000000000000e+00 -1.798650000000000082e+00 8.125000000000000000e-01 9.972979999999999734e+00 7.015949999999999964e-02
2.010071500000000000e+07 1.210400000000000063e+02 1.000000000000000000e+00 6.934969999999999857e+00 1.301500000000000057e+01 1.000000000000000000e+00 1.254010000000000069e+00 1.000000000000000000e+00 8.886720000000000397e+00 7.664769999999999917e-02
2.010071600000000000e+07 1.466479999999999961e+02 1.000000000000000000e+00 6.725530000000000008e+00 1.262100000000000044e+01 1.000000000000000000e+00 -5.455039999999999889e-01 1.000000000000000000e+00 1.004420000000000002e+01 2.408700000000000077e-02
2.010071700000000000e+07 1.319569999999999936e+02 1.000000000000000000e+00 6.510010000000000296e+00 1.236899999999999977e+01 1.000000000000000000e+00 2.938560000000000061e-01 9.791670000000000096e-01 8.682470000000000354e+00 4.716540000000000316e-02
2.010071800000000000e+07 1.138790000000000049e+02 1.000000000000000000e+00 5.919299999999999784e+00 1.220599999999999952e+01 1.000000000000000000e+00 -1.474480000000000013e+00 9.166670000000000096e-01 9.568530000000000868e+00 2.173220000000000013e-02
2.010071900000000000e+07 9.686260000000000048e+01 1.000000000000000000e+00 6.004120000000000346e+00 1.204400000000000048e+01 1.000000000000000000e+00 -3.188739999999999908e-01 1.000000000000000000e+00 8.854139999999999233e+00 3.562640000000000251e-02
2.010072000000000000e+07 1.076069999999999993e+02 1.000000000000000000e+00 6.034869999999999735e+00 1.180400000000000027e+01 1.000000000000000000e+00 7.246869999999999701e-02 1.000000000000000000e+00 8.993660000000000210e+00 3.254510000000000042e-02
2.010072100000000000e+07 9.666729999999999734e+01 1.000000000000000000e+00 5.611950000000000216e+00 1.155400000000000027e+01 1.000000000000000000e+00 4.373090000000000033e-01 9.166670000000000096e-01 8.480059999999999931e+00 4.114190000000000208e-02
2.010072200000000000e+07 1.159399999999999977e+02 1.000000000000000000e+00 5.525199999999999889e+00 1.144599999999999973e+01 1.000000000000000000e+00 -1.576359999999999983e+00 8.958329999999999904e-01 9.750750000000000028e+00 5.103610000000000091e-02
2.010072300000000000e+07 8.476909999999999457e+01 1.000000000000000000e+00 4.981399999999999828e+00 1.138100000000000023e+01 1.000000000000000000e+00 -5.631380000000000274e-01 8.125000000000000000e-01 8.635180000000000078e+00 4.997839999999999921e-02
2.010072400000000000e+07 9.269020000000000437e+01 1.000000000000000000e+00 5.426610000000000156e+00 1.116099999999999959e+01 1.000000000000000000e+00 2.523239999999999927e-01 7.291670000000000096e-01 8.922919999999999519e+00 6.056949999999999834e-02
2.010072500000000000e+07 1.087500000000000000e+02 1.000000000000000000e+00 5.725799999999999557e+00 1.091499999999999915e+01 1.000000000000000000e+00 2.474990000000000023e+00 5.625000000000000000e-01 7.350810000000000066e+00 1.346990000000000132e-01
2.010072600000000000e+07 1.130810000000000031e+02 1.000000000000000000e+00 5.751269999999999882e+00 1.079400000000000048e+01 1.000000000000000000e+00 1.571460000000000079e+00 7.708329999999999904e-01 7.733159999999999812e+00 9.517970000000000597e-02
2.010072700000000000e+07 8.341500000000000625e+01 1.000000000000000000e+00 5.550449999999999662e+00 1.079199999999999982e+01 1.000000000000000000e+00 1.033279999999999976e+00 8.541670000000000096e-01 7.596729999999999983e+00 4.460259999999999919e-02
2.010072800000000000e+07 6.985160000000000480e+01 1.000000000000000000e+00 4.517489999999999561e+00 1.087299999999999933e+01 1.000000000000000000e+00 1.350200000000000067e+00 8.333329999999999904e-01 6.795420000000000016e+00 4.440190000000000109e-02
2.010072900000000000e+07 8.954590000000000316e+01 1.000000000000000000e+00 5.983439999999999870e+00 1.070199999999999996e+01 1.000000000000000000e+00 1.105740000000000056e-01 8.125000000000000000e-01 8.157650000000000290e+00 6.147810000000000080e-02
2.010073000000000000e+07 9.186799999999999500e+01 1.000000000000000000e+00 5.363809999999999967e+00 1.065000000000000036e+01 1.000000000000000000e+00 2.128200000000000092e-01 8.958329999999999904e-01 7.570619999999999905e+00 4.369139999999999829e-02
2.010073100000000000e+07 1.142439999999999998e+02 1.000000000000000000e+00 6.117060000000000386e+00 1.065399999999999991e+01 1.000000000000000000e+00 -1.429380000000000095e+00 8.958329999999999904e-01 8.742129999999999512e+00 4.549410000000000259e-02
2.010080100000000000e+07 9.491700000000000159e+01 1.000000000000000000e+00 6.276060000000000194e+00 1.062100000000000044e+01 1.000000000000000000e+00 -1.052689999999999904e+00 8.750000000000000000e-01 8.984329999999999927e+00 3.105230000000000143e-02
2.010080200000000000e+07 9.452469999999999573e+01 1.000000000000000000e+00 5.904969999999999608e+00 1.053800000000000026e+01 1.000000000000000000e+00 -9.296950000000000491e-01 9.375000000000000000e-01 9.223440000000000083e+00 3.647849999999999704e-02
2.010080300000000000e+07 9.733839999999999293e+01 1.000000000000000000e+00 6.237619999999999720e+00 1.045199999999999996e+01 1.000000000000000000e+00 -6.148379999999999956e-01 9.583329999999999904e-01 8.887349999999999639e+00 5.136570000000000025e-02
2.010080400000000000e+07 6.509269999999999357e+01 1.000000000000000000e+00 5.809980000000000366e+00 1.043099999999999916e+01 1.000000000000000000e+00 -1.141499999999999959e+00 9.791670000000000096e-01 9.485369999999999635e+00 4.202150000000000329e-02
2.010080500000000000e+07 8.898699999999999477e+01 1.000000000000000000e+00 5.995379999999999932e+00 1.036100000000000065e+01 1.000000000000000000e+00 -1.269299999999999873e-01 9.791670000000000096e-01 8.609109999999999374e+00 6.502370000000000372e-02
2.010080600000000000e+07 9.732970000000000255e+01 1.000000000000000000e+00 5.242449999999999832e+00 1.037700000000000067e+01 1.000000000000000000e+00 -1.445279999999999898e+00 1.000000000000000000e+00 8.988070000000000448e+00 5.761430000000000023e-02
2.010080700000000000e+07 7.923619999999999663e+01 1.000000000000000000e+00 5.600710000000000299e+00 1.036700000000000088e+01 1.000000000000000000e+00 -1.807260000000000089e+00 1.000000000000000000e+00 8.638529999999999376e+00 6.107769999999999866e-02
2.010080800000000000e+07 7.794339999999999691e+01 1.000000000000000000e+00 5.654989999999999739e+00 1.034800000000000075e+01 1.000000000000000000e+00 -1.078689999999999927e+00 1.000000000000000000e+00 7.915420000000000122e+00 4.566850000000000076e-02
2.010080900000000000e+07 9.089530000000000598e+01 1.000000000000000000e+00 6.222159999999999691e+00 1.032300000000000040e+01 1.000000000000000000e+00 -2.319020000000000081e+00 9.583329999999999904e-01 8.702149999999999608e+00 4.979250000000000342e-02
2.010081000000000000e+07 6.798980000000000246e+01 1.000000000000000000e+00 5.670119999999999827e+00 1.041900000000000048e+01 1.000000000000000000e+00 -2.672140000000000182e+00 7.500000000000000000e-01 8.741009999999999280e+00 7.216630000000000267e-02
2.010081100000000000e+07 6.404309999999999548e+01 1.000000000000000000e+00 5.803560000000000052e+00 1.038299999999999912e+01 1.000000000000000000e+00 -1.525109999999999966e+00 7.500000000000000000e-01 7.640469999999999651e+00 5.283290000000000208e-02
2.010081200000000000e+07 7.741070000000000562e+01 1.000000000000000000e+00 6.237390000000000434e+00 1.024399999999999977e+01 1.000000000000000000e+00 -5.495170000000000332e-01 1.000000000000000000e+00 7.931589999999999918e+00 5.818659999999999805e-02
2.010081300000000000e+07 5.723340000000000316e+01 1.000000000000000000e+00 5.658859999999999779e+00 1.018599999999999994e+01 1.000000000000000000e+00 -4.687970000000000192e-01 1.000000000000000000e+00 7.551540000000000141e+00 6.250340000000000062e-02
2.010081400000000000e+07 5.837149999999999750e+01 1.000000000000000000e+00 5.942040000000000433e+00 1.013799999999999990e+01 1.000000000000000000e+00 -2.637510000000000132e-01 1.000000000000000000e+00 7.692669999999999675e+00 9.718090000000000062e-02
2.010081500000000000e+07 5.281349999999999767e+01 1.000000000000000000e+00 5.544529999999999959e+00 1.003299999999999947e+01 1.000000000000000000e+00 1.956299999999999983e-01 1.000000000000000000e+00 7.646829999999999572e+00 1.212939999999999990e-01
2.010081600000000000e+07 5.632000000000000028e+01 1.000000000000000000e+00 4.128160000000000274e+00 9.993999999999999773e+00 1.000000000000000000e+00 5.996219999999999883e-01 9.375000000000000000e-01 7.731160000000000032e+00 1.533629999999999993e-01
2.010081700000000000e+07 7.138439999999999941e+01 1.000000000000000000e+00 5.192000000000000171e+00 1.008399999999999963e+01 9.791670000000000096e-01 1.519090000000000051e+00 9.375000000000000000e-01 6.296199999999999797e+00 1.287179999999999991e-01
2.010081800000000000e+07 9.631589999999999918e+01 1.000000000000000000e+00 6.060200000000000031e+00 1.000200000000000067e+01 1.000000000000000000e+00 -2.025379999999999958e-01 9.583329999999999904e-01 6.827650000000000219e+00 6.646589999999999443e-02
2.010081900000000000e+07 7.261879999999999313e+01 1.000000000000000000e+00 6.942510000000000403e+00 1.002500000000000036e+01 1.000000000000000000e+00 -1.335139999999999993e+00 9.583329999999999904e-01 7.500580000000000247e+00 4.540879999999999916e-02
2.010082000000000000e+07 5.296640000000000015e+01 1.000000000000000000e+00 5.561770000000000103e+00 1.006700000000000017e+01 1.000000000000000000e+00 -8.926640000000000130e-01 1.000000000000000000e+00 7.100069999999999659e+00 8.490530000000000299e-02
2.010082100000000000e+07 6.112140000000000128e+01 1.000000000000000000e+00 5.692940000000000111e+00 1.005599999999999916e+01 1.000000000000000000e+00 -2.674409999999999954e+00 9.791670000000000096e-01 7.977319999999999744e+00 1.601059999999999983e-02
2.010082200000000000e+07 4.756499999999999773e+01 1.000000000000000000e+00 3.793429999999999858e+00 1.018800000000000061e+01 1.000000000000000000e+00 -4.806000000000000050e+00 8.958329999999999904e-01 9.138180000000000192e+00 1.676719999999999947e-02
2.010082300000000000e+07 4.947979999999999734e+01 1.000000000000000000e+00 4.852540000000000298e+00 1.016699999999999982e+01 1.000000000000000000e+00 -3.058230000000000004e+00 8.750000000000000000e-01 8.170090000000000074e+00 9.532380000000000020e-02
2.010082400000000000e+07 4.437069999999999936e+01 1.000000000000000000e+00 5.347850000000000215e+00 9.974999999999999645e+00 1.000000000000000000e+00 -7.822139999999999649e-01 7.708329999999999904e-01 6.961369999999999614e+00 1.714310000000000000e-01
2.010082500000000000e+07 4.501839999999999975e+01 1.000000000000000000e+00 3.891830000000000123e+00 9.805999999999999162e+00 1.000000000000000000e+00 -1.465870000000000006e+00 9.791670000000000096e-01 8.813679999999999737e+00 1.571400000000000019e-01
2.010082600000000000e+07 4.158149999999999835e+01 1.000000000000000000e+00 3.729229999999999823e+00 9.910999999999999588e+00 1.000000000000000000e+00 -3.763840000000000074e+00 9.166670000000000096e-01 9.193429999999999325e+00 3.686749999999999750e-02
2.010082700000000000e+07 3.756159999999999854e+01 1.000000000000000000e+00 3.657340000000000035e+00 1.017099999999999937e+01 1.000000000000000000e+00 -4.426149999999999807e+00 9.166670000000000096e-01 8.626799999999999358e+00 6.759489999999999943e-02
2.010082800000000000e+07 2.289570000000000149e+01 1.000000000000000000e+00 3.241169999999999884e+00 1.016000000000000014e+01 1.000000000000000000e+00 -1.103650000000000020e+00 1.000000000000000000e+00 5.040460000000000385e+00 2.967540000000000108e-02
2.010082900000000000e+07 5.017900000000000205e+01 1.000000000000000000e+00 3.679499999999999993e+00 1.015399999999999991e+01 1.000000000000000000e+00 -4.248280000000000278e+00 9.166670000000000096e-01 8.018800000000000594e+00 3.842849999999999738e-02
2.010083000000000000e+07 5.545709999999999695e+01 1.000000000000000000e+00 4.154259999999999842e+00 1.051500000000000057e+01 1.000000000000000000e+00 -9.960109999999999797e-01 9.166670000000000096e-01 4.393670000000000186e+00 2.731139999999999957e-02
2.010083100000000000e+07 4.423960000000000292e+01 1.000000000000000000e+00 3.584379999999999900e+00 1.045400000000000063e+01 1.000000000000000000e+00 -3.814610000000000056e+00 9.375000000000000000e-01 7.721569999999999823e+00 3.682119999999999838e-02
2.010090100000000000e+07 5.073599999999999710e+01 1.000000000000000000e+00 3.868160000000000043e+00 1.022700000000000031e+01 1.000000000000000000e+00 -4.870980000000000310e+00 1.000000000000000000e+00 9.376450000000000173e+00 2.896670000000000147e-02
2.010090200000000000e+07 3.734309999999999974e+01 1.000000000000000000e+00 3.818220000000000169e+00 1.020199999999999996e+01 1.000000000000000000e+00 -1.985109999999999930e+00 7.500000000000000000e-01 7.109589999999999854e+00 1.063079999999999997e-01
2.010090300000000000e+07 3.904529999999999745e+01 1.000000000000000000e+00 3.449460000000000193e+00 9.978999999999999204e+00 1.000000000000000000e+00 4.909800000000000275e-01 8.958329999999999904e-01 5.598160000000000025e+00 1.086209999999999953e-01
2.010090400000000000e+07 3.990180000000000149e+01 1.000000000000000000e+00 3.654490000000000016e+00 1.007699999999999996e+01 1.000000000000000000e+00 -2.686739999999999906e+00 1.000000000000000000e+00 7.372469999999999857e+00 3.096729999999999969e-02
2.010090500000000000e+07 3.512610000000000099e+01 1.000000000000000000e+00 4.964739999999999931e+00 1.029599999999999937e+01 1.000000000000000000e+00 -3.439220000000000166e+00 9.791670000000000096e-01 7.105080000000000062e+00 3.187519999999999937e-02
2.010090600000000000e+07 3.692759999999999820e+01 1.000000000000000000e+00 3.929619999999999891e+00 1.017300000000000004e+01 1.000000000000000000e+00 -2.444280000000000008e+00 1.000000000000000000e+00 6.883890000000000065e+00 6.529569999999999819e-02
2.010090700000000000e+07 1.959219999999999828e+01 1.000000000000000000e+00 3.034959999999999880e+00 1.049399999999999977e+01 1.000000000000000000e+00 2.514730000000000021e-01 1.000000000000000000e+00 3.626469999999999860e+00 3.073570000000000121e-02
2.010090800000000000e+07 6.350480000000000302e+01 1.000000000000000000e+00 4.055679999999999730e+00 1.083799999999999919e+01 1.000000000000000000e+00 -2.666310000000000180e+00 1.000000000000000000e+00 6.286739999999999995e+00 2.919079999999999939e-02
2.010090900000000000e+07 3.986619999999999919e+01 1.000000000000000000e+00 3.933180000000000121e+00 1.067300000000000004e+01 1.000000000000000000e+00 -3.894050000000000011e+00 1.000000000000000000e+00 7.364860000000000184e+00 1.556959999999999941e-02
2.010091000000000000e+07 4.087660000000000338e+01 1.000000000000000000e+00 3.963000000000000078e+00 1.056000000000000050e+01 1.000000000000000000e+00 -2.567270000000000163e+00 1.000000000000000000e+00 6.478309999999999569e+00 4.905280000000000057e-02
2.010091100000000000e+07 4.230960000000000321e+01 1.000000000000000000e+00 4.103869999999999685e+00 1.041900000000000048e+01 1.000000000000000000e+00 -1.070880000000000054e+00 1.000000000000000000e+00 5.576299999999999812e+00 1.453369999999999940e-01
2.010091200000000000e+07 3.293849999999999767e+01 1.000000000000000000e+00 3.857779999999999987e+00 1.027699999999999925e+01 1.000000000000000000e+00 -1.940419999999999923e-01 8.541670000000000096e-01 5.219020000000000437e+00 1.607220000000000037e-01
2.010091300000000000e+07 2.592559999999999931e+01 1.000000000000000000e+00 3.516189999999999927e+00 1.017900000000000027e+01 1.000000000000000000e+00 1.842530000000000001e-01 7.500000000000000000e-01 4.987169999999999881e+00 1.681100000000000094e-01
2.010091400000000000e+07 2.869950000000000045e+01 1.000000000000000000e+00 3.685350000000000126e+00 1.018900000000000006e+01 1.000000000000000000e+00 2.896389999999999798e-01 8.750000000000000000e-01 5.298000000000000043e+00 1.819719999999999949e-01
2.010091500000000000e+07 3.353229999999999933e+01 1.000000000000000000e+00 3.640620000000000189e+00 1.003599999999999959e+01 1.000000000000000000e+00 -2.828860000000000263e-01 9.166670000000000096e-01 5.918510000000000382e+00 1.021169999999999994e-01
2.010091600000000000e+07 1.949609999999999843e+01 1.000000000000000000e+00 3.085920000000000218e+00 9.964999999999999858e+00 1.000000000000000000e+00 1.018140000000000045e+00 9.166670000000000096e-01 4.689720000000000333e+00 9.794160000000000366e-02
2.010091700000000000e+07 3.493639999999999901e+01 9.791670000000000096e-01 4.670279999999999987e+00 1.041499999999999915e+01 1.000000000000000000e+00 5.926619999999999805e-02 7.708329999999999904e-01 5.526810000000000223e+00 9.773700000000000443e-02
2.010091800000000000e+07 2.538579999999999970e+01 1.000000000000000000e+00 3.055590000000000028e+00 1.209999999999999964e+01 1.000000000000000000e+00 1.720220000000000082e+00 9.166670000000000096e-01 3.562930000000000152e+00 9.300909999999999733e-02
2.010091900000000000e+07 6.015149999999999864e+01 1.000000000000000000e+00 3.873450000000000060e+00 1.439199999999999946e+01 1.000000000000000000e+00 1.006860000000000088e+00 9.791670000000000096e-01 3.872170000000000112e+00 5.810429999999999762e-02
2.010092000000000000e+07 6.054849999999999710e+01 1.000000000000000000e+00 4.116240000000000343e+00 1.429599999999999937e+01 1.000000000000000000e+00 -1.322589999999999932e+00 1.000000000000000000e+00 6.074709999999999610e+00 4.928319999999999923e-02
2.010092100000000000e+07 3.630590000000000117e+01 1.000000000000000000e+00 4.064779999999999838e+00 1.389000000000000057e+01 1.000000000000000000e+00 -6.998799999999999466e-01 8.750000000000000000e-01 5.552310000000000301e+00 2.841180000000000094e-02
2.010092200000000000e+07 5.028370000000000317e+01 1.000000000000000000e+00 4.434599999999999653e+00 1.349200000000000088e+01 1.000000000000000000e+00 -1.323469999999999924e+00 8.958329999999999904e-01 6.509949999999999903e+00 2.016830000000000012e-02
2.010092300000000000e+07 4.060759999999999792e+01 1.000000000000000000e+00 4.144129999999999647e+00 1.302100000000000080e+01 1.000000000000000000e+00 -7.592560000000000420e-01 1.000000000000000000e+00 5.907350000000000101e+00 3.682069999999999788e-02
2.010092400000000000e+07 5.595040000000000191e+01 1.000000000000000000e+00 4.990770000000000373e+00 1.253999999999999915e+01 1.000000000000000000e+00 3.120929999999999885e-02 8.541670000000000096e-01 6.455440000000000289e+00 7.129919999999999314e-02
2.010092500000000000e+07 5.765959999999999752e+01 1.000000000000000000e+00 4.523150000000000226e+00 1.205400000000000027e+01 1.000000000000000000e+00 1.738229999999999942e+00 8.958329999999999904e-01 5.571679999999999744e+00 1.188049999999999939e-01
2.010092600000000000e+07 5.368370000000000175e+01 1.000000000000000000e+00 4.165589999999999904e+00 1.155199999999999960e+01 1.000000000000000000e+00 1.223789999999999933e+00 9.791670000000000096e-01 5.749679999999999680e+00 5.771679999999999866e-02
2.010092700000000000e+07 3.724510000000000076e+01 1.000000000000000000e+00 4.246220000000000105e+00 1.130899999999999928e+01 1.000000000000000000e+00 7.148609999999999687e-01 9.166670000000000096e-01 6.655569999999999986e+00 1.134349999999999942e-01
2.010092800000000000e+07 4.369080000000000297e+01 1.000000000000000000e+00 3.856170000000000098e+00 1.109999999999999964e+01 1.000000000000000000e+00 9.284689999999999888e-01 8.958329999999999904e-01 6.465629999999999988e+00 1.027450000000000030e-01
2.010092900000000000e+07 3.041219999999999857e+01 1.000000000000000000e+00 4.214360000000000106e+00 1.098499999999999943e+01 1.000000000000000000e+00 -5.606549999999999728e-02 9.583329999999999904e-01 6.513919999999999710e+00 7.868959999999999844e-02
2.010093000000000000e+07 2.880669999999999931e+01 1.000000000000000000e+00 3.667149999999999910e+00 1.087500000000000000e+01 1.000000000000000000e+00 -2.623929999999999874e-01 8.541670000000000096e-01 6.263560000000000016e+00 5.034249999999999836e-02
2.010100100000000000e+07 4.523329999999999984e+01 9.791670000000000096e-01 3.772320000000000118e+00 1.067699999999999960e+01 1.000000000000000000e+00 1.766450000000000076e+00 9.166670000000000096e-01 4.984449999999999825e+00 9.995660000000000656e-02
2.010100200000000000e+07 2.542050000000000054e+01 1.000000000000000000e+00 3.356970000000000010e+00 1.051299999999999990e+01 1.000000000000000000e+00 1.774159999999999959e+00 9.375000000000000000e-01 4.741179999999999950e+00 8.887839999999999629e-02
2.010100300000000000e+07 2.900219999999999843e+01 1.000000000000000000e+00 2.931760000000000144e+00 1.049799999999999933e+01 1.000000000000000000e+00 9.982090000000000130e-01 1.000000000000000000e+00 3.792120000000000157e+00 3.090170000000000070e-02
2.010100400000000000e+07 3.069500000000000028e+01 1.000000000000000000e+00 2.881339999999999790e+00 1.067500000000000071e+01 1.000000000000000000e+00 -1.897499999999999964e+00 9.375000000000000000e-01 5.288549999999999862e+00 3.356730000000000130e-02
2.010100500000000000e+07 1.754579999999999984e+01 1.000000000000000000e+00 2.368619999999999948e+00 1.078599999999999959e+01 1.000000000000000000e+00 -1.427710000000000035e+00 8.333329999999999904e-01 4.758589999999999876e+00 4.566800000000000026e-02
2.010100600000000000e+07 1.971509999999999962e+01 1.000000000000000000e+00 3.457829999999999959e+00 1.052899999999999991e+01 1.000000000000000000e+00 -1.848670000000000035e+00 9.166670000000000096e-01 5.653279999999999639e+00 2.866499999999999951e-02
2.010100700000000000e+07 2.433699999999999974e+01 1.000000000000000000e+00 2.937730000000000175e+00 1.036700000000000088e+01 1.000000000000000000e+00 -1.254210000000000047e+00 8.333329999999999904e-01 5.093210000000000015e+00 3.439020000000000271e-02
2.010100800000000000e+07 3.356040000000000134e+01 1.000000000000000000e+00 2.947960000000000136e+00 1.035999999999999943e+01 1.000000000000000000e+00 2.609780000000000086e-02 9.166670000000000096e-01 3.757080000000000197e+00 3.400609999999999744e-02
2.010100900000000000e+07 3.757829999999999870e+01 1.000000000000000000e+00 3.097290000000000099e+00 1.201699999999999946e+01 1.000000000000000000e+00 9.420180000000000220e-01 9.583329999999999904e-01 2.854579999999999895e+00 2.718179999999999902e-02
2.010101000000000000e+07 3.408370000000000033e+01 1.000000000000000000e+00 2.790939999999999976e+00 1.241300000000000026e+01 1.000000000000000000e+00 5.055340000000000389e-01 9.583329999999999904e-01 3.039149999999999796e+00 4.032360000000000111e-02
2.010101100000000000e+07 2.883050000000000068e+01 1.000000000000000000e+00 2.491289999999999782e+00 1.219200000000000017e+01 1.000000000000000000e+00 -1.525900000000000034e+00 8.541670000000000096e-01 4.294170000000000265e+00 7.027289999999999925e-02
2.010101200000000000e+07 2.559369999999999834e+01 1.000000000000000000e+00 2.635349999999999859e+00 1.172100000000000009e+01 1.000000000000000000e+00 -2.587790000000000035e+00 6.041670000000000096e-01 5.738809999999999967e+00 6.301479999999999582e-02
2.010101300000000000e+07 2.413009999999999877e+01 1.000000000000000000e+00 3.070640000000000036e+00 1.130199999999999960e+01 1.000000000000000000e+00 -1.274739999999999984e+00 6.875000000000000000e-01 5.008939999999999948e+00 6.798329999999999651e-02
2.010101400000000000e+07 3.794969999999999999e+01 1.000000000000000000e+00 2.805559999999999832e+00 1.095400000000000063e+01 1.000000000000000000e+00 -6.711369999999999836e-01 9.166670000000000096e-01 4.478229999999999933e+00 3.476130000000000192e-02
2.010101500000000000e+07 1.790960000000000107e+01 1.000000000000000000e+00 2.203170000000000073e+00 1.102100000000000080e+01 1.000000000000000000e+00 -1.648830000000000018e+00 7.708329999999999904e-01 4.037040000000000184e+00 2.538620000000000113e-02
2.010101600000000000e+07 1.462950000000000017e+01 1.000000000000000000e+00 4.558539999999999814e+00 1.096899999999999942e+01 1.000000000000000000e+00 -2.187330000000000219e+00 6.250000000000000000e-01 4.548709999999999809e+00 6.283170000000000421e-02
2.010101700000000000e+07 1.875860000000000127e+01 1.000000000000000000e+00 5.596519999999999939e+00 1.091900000000000048e+01 1.000000000000000000e+00 -2.489840000000000053e+00 8.750000000000000000e-01 4.988850000000000229e+00 7.176799999999999846e-02
2.010101800000000000e+07 1.782440000000000069e+01 1.000000000000000000e+00 5.699770000000000003e+00 1.085599999999999987e+01 1.000000000000000000e+00 -2.365520000000000067e+00 8.750000000000000000e-01 5.096969999999999779e+00 4.633290000000000325e-02
2.010101900000000000e+07 1.861349999999999838e+01 1.000000000000000000e+00 2.224120000000000097e+00 1.067099999999999937e+01 1.000000000000000000e+00 -1.364430000000000032e+00 9.791670000000000096e-01 4.491699999999999804e+00 4.891680000000000333e-02
2.010102000000000000e+07 1.951439999999999841e+01 1.000000000000000000e+00 2.357509999999999994e+00 1.058300000000000018e+01 1.000000000000000000e+00 -1.720909999999999940e+00 9.791670000000000096e-01 4.941360000000000419e+00 4.774300000000000072e-02
2.010102100000000000e+07 1.808699999999999974e+01 1.000000000000000000e+00 2.467020000000000213e+00 1.046000000000000085e+01 1.000000000000000000e+00 -1.794049999999999923e+00 8.958329999999999904e-01 4.781780000000000364e+00 5.494650000000000228e-02
2.010102200000000000e+07 2.393100000000000094e+01 1.000000000000000000e+00 4.661990000000000300e+00 1.045599999999999952e+01 1.000000000000000000e+00 -1.956660000000000066e+00 1.000000000000000000e+00 4.055019999999999847e+00 2.872720000000000135e-02
2.010102300000000000e+07 6.768250000000000455e+01 1.000000000000000000e+00 5.506179999999999630e+00 1.154199999999999982e+01 1.000000000000000000e+00 -1.873220000000000107e+00 9.375000000000000000e-01 3.434239999999999959e+00 1.006019999999999970e-01
2.010102400000000000e+07 3.969969999999999999e+01 1.000000000000000000e+00 3.980760000000000076e+00 2.011299999999999955e+01 1.000000000000000000e+00 -1.291220000000000034e+00 9.791670000000000096e-01 2.421419999999999906e+00 4.777760000000000340e-02
2.010102500000000000e+07 4.719850000000000279e+01 1.000000000000000000e+00 3.769680000000000142e+00 2.352100000000000080e+01 1.000000000000000000e+00 -4.470139999999999780e+00 1.000000000000000000e+00 5.309569999999999901e+00 4.916650000000000187e-02
2.010102600000000000e+07 7.156100000000000705e+01 1.000000000000000000e+00 4.555749999999999744e+00 2.498799999999999955e+01 1.000000000000000000e+00 -5.291249999999999787e+00 9.791670000000000096e-01 6.006610000000000227e+00 4.540299999999999891e-02
2.010102700000000000e+07 3.870949999999999847e+01 1.000000000000000000e+00 4.475649999999999906e+00 2.480000000000000071e+01 1.000000000000000000e+00 -3.521539999999999893e+00 9.375000000000000000e-01 4.290709999999999802e+00 6.923079999999999512e-02
2.010102800000000000e+07 2.917800000000000082e+01 1.000000000000000000e+00 5.430990000000000428e+00 2.591300000000000026e+01 1.000000000000000000e+00 -2.672410000000000063e-03 1.000000000000000000e+00 9.287539999999999685e-01 9.109929999999999417e-02
2.010102900000000000e+07 2.510979999999999990e+01 1.000000000000000000e+00 5.987759999999999749e+00 2.582900000000000063e+01 1.000000000000000000e+00 -2.673680000000000057e+00 9.583329999999999904e-01 4.039509999999999934e+00 7.957500000000000684e-02
2.010103000000000000e+07 2.710999999999999943e+01 1.000000000000000000e+00 4.709410000000000096e+00 2.501200000000000045e+01 1.000000000000000000e+00 9.140060000000000198e-03 8.333329999999999904e-01 1.689599999999999991e+00 9.429010000000000169e-02
2.010103100000000000e+07 4.776579999999999870e+01 1.000000000000000000e+00 4.376719999999999722e+00 2.506200000000000117e+01 1.000000000000000000e+00 -1.682150000000000034e+00 1.000000000000000000e+00 3.884220000000000006e+00 3.270789999999999809e-02
2.010110100000000000e+07 4.067249999999999943e+01 1.000000000000000000e+00 3.805089999999999861e+00 2.421000000000000085e+01 1.000000000000000000e+00 -1.440169999999999950e+00 1.000000000000000000e+00 4.523550000000000182e+00 4.244429999999999731e-02
2.010110200000000000e+07 8.113559999999999661e+00 1.000000000000000000e+00 2.797989999999999977e+00 2.375400000000000134e+01 1.000000000000000000e+00 -6.265660000000000673e-02 1.000000000000000000e+00 3.168969999999999843e+00 1.694470000000000004e-02
2.010110300000000000e+07 1.669150000000000134e+01 1.000000000000000000e+00 4.538499999999999979e+00 2.360600000000000165e+01 1.000000000000000000e+00 -1.937670000000000003e+00 9.791670000000000096e-01 4.749869999999999592e+00 5.303660000000000319e-02
2.010110400000000000e+07 2.453020000000000067e+01 1.000000000000000000e+00 3.564220000000000166e+00 2.330900000000000105e+01 1.000000000000000000e+00 -1.414069999999999938e+00 9.583329999999999904e-01 4.718700000000000117e+00 2.491979999999999890e-02
2.010110500000000000e+07 3.461889999999999645e+01 1.000000000000000000e+00 3.649080000000000101e+00 2.276500000000000057e+01 1.000000000000000000e+00 -6.372830000000000439e-01 1.000000000000000000e+00 4.764269999999999783e+00 3.472770000000000024e-02
2.010110600000000000e+07 3.577510000000000190e+01 1.000000000000000000e+00 3.656960000000000210e+00 2.237699999999999889e+01 1.000000000000000000e+00 -1.027339999999999920e+00 1.000000000000000000e+00 4.715499999999999581e+00 2.267860000000000015e-02
2.010110700000000000e+07 4.307860000000000156e+01 1.000000000000000000e+00 4.195920000000000094e+00 2.272500000000000142e+01 1.000000000000000000e+00 -1.024510000000000032e+00 9.791670000000000096e-01 3.417060000000000208e+00 2.800470000000000043e-02
2.010110800000000000e+07 2.099849999999999994e+01 1.000000000000000000e+00 3.789140000000000175e+00 2.282100000000000151e+01 1.000000000000000000e+00 -1.866929999999999978e+00 9.583329999999999904e-01 3.906519999999999992e+00 2.612249999999999989e-02
2.010110900000000000e+07 2.452560000000000073e+01 1.000000000000000000e+00 3.015140000000000153e+00 2.275199999999999889e+01 1.000000000000000000e+00 3.011269999999999919e-02 9.375000000000000000e-01 1.799220000000000041e+00 2.966119999999999868e-02
2.010111000000000000e+07 1.900919999999999987e+01 1.000000000000000000e+00 3.361099999999999977e+00 2.284600000000000009e+01 1.000000000000000000e+00 -2.750130000000000075e-01 9.583329999999999904e-01 1.881119999999999903e+00 2.746919999999999917e-02
2.010111100000000000e+07 4.523449999999999704e+01 1.000000000000000000e+00 4.079679999999999751e+00 2.323100000000000165e+01 1.000000000000000000e+00 -2.003509999999999902e+00 9.583329999999999904e-01 3.553679999999999950e+00 6.631239999999999357e-02
2.010111200000000000e+07 3.277960000000000207e+01 1.000000000000000000e+00 4.206170000000000186e+00 2.398100000000000165e+01 1.000000000000000000e+00 -2.136519999999999975e+00 1.000000000000000000e+00 3.424459999999999837e+00 3.351729999999999987e-02
2.010111300000000000e+07 1.277020000000000088e+01 1.000000000000000000e+00 4.287530000000000285e+00 2.380199999999999960e+01 1.000000000000000000e+00 -1.182739999999999903e+00 1.000000000000000000e+00 2.376259999999999817e+00 2.857070000000000096e-02
2.010111400000000000e+07 1.659870000000000090e+01 1.000000000000000000e+00 3.560309999999999864e+00 2.343400000000000105e+01 1.000000000000000000e+00 -7.328360000000000429e-01 1.000000000000000000e+00 2.053700000000000081e+00 2.242519999999999930e-02
2.010111500000000000e+07 2.536840000000000117e+01 1.000000000000000000e+00 4.052330000000000432e+00 2.328600000000000136e+01 1.000000000000000000e+00 -1.891380000000000061e+00 1.000000000000000000e+00 3.184410000000000185e+00 1.970850000000000032e-02
2.010111600000000000e+07 2.041850000000000165e+01 1.000000000000000000e+00 3.776380000000000070e+00 2.344000000000000128e+01 1.000000000000000000e+00 -2.747500000000000053e+00 1.000000000000000000e+00 3.710850000000000204e+00 2.685009999999999827e-02
2.010111700000000000e+07 4.876149999999999807e+01 1.000000000000000000e+00 4.409970000000000390e+00 2.314600000000000080e+01 1.000000000000000000e+00 -1.756620000000000070e+00 1.000000000000000000e+00 2.701690000000000147e+00 1.889889999999999973e-02
2.010111800000000000e+07 6.670340000000000202e+01 1.000000000000000000e+00 5.111489999999999867e+00 2.466700000000000159e+01 1.000000000000000000e+00 -1.453519999999999923e+00 1.000000000000000000e+00 1.995530000000000026e+00 3.514869999999999800e-02
2.010111900000000000e+07 6.354299999999999926e+01 1.000000000000000000e+00 5.434260000000000090e+00 2.455799999999999983e+01 1.000000000000000000e+00 -1.326219999999999954e+00 1.000000000000000000e+00 1.803660000000000041e+00 6.196619999999999906e-02
2.010112000000000000e+07 1.638739999999999952e+01 1.000000000000000000e+00 4.407770000000000188e+00 2.439799999999999969e+01 1.000000000000000000e+00 -5.500389999999999446e-01 1.000000000000000000e+00 9.245740000000000069e-01 5.832210000000000172e-02
2.010112100000000000e+07 3.421500000000000341e+01 1.000000000000000000e+00 3.648010000000000197e+00 2.423999999999999844e+01 1.000000000000000000e+00 -3.299750000000000183e-01 1.000000000000000000e+00 6.149449999999999639e-01 6.077180000000000082e-02
2.010112200000000000e+07 4.875829999999999842e+01 1.000000000000000000e+00 3.718669999999999920e+00 2.402499999999999858e+01 1.000000000000000000e+00 -7.517070000000000141e-01 1.000000000000000000e+00 9.674350000000000449e-01 3.536770000000000191e-02
2.010112300000000000e+07 3.762610000000000099e+01 1.000000000000000000e+00 3.346989999999999910e+00 2.389399999999999835e+01 1.000000000000000000e+00 -5.692720000000000002e-01 1.000000000000000000e+00 6.458260000000000112e-01 2.128089999999999843e-02
2.010112400000000000e+07 1.361679999999999957e+01 1.000000000000000000e+00 2.923799999999999955e+00 2.380000000000000071e+01 1.000000000000000000e+00 -4.948609999999999953e-01 1.000000000000000000e+00 6.139480000000000492e-01 7.859610000000000207e-02
2.010112500000000000e+07 1.145819999999999972e+01 1.000000000000000000e+00 5.766390000000000349e+00 2.372899999999999920e+01 1.000000000000000000e+00 -7.553389999999999826e-01 1.000000000000000000e+00 1.104400000000000048e+00 5.870849999999999680e-02
2.010112600000000000e+07 2.844969999999999999e+01 1.000000000000000000e+00 3.434200000000000141e+00 2.369600000000000151e+01 1.000000000000000000e+00 -4.597379999999999800e-01 9.791670000000000096e-01 1.183720000000000105e+00 6.795020000000000227e-02
2.010112700000000000e+07 2.609690000000000154e+01 1.000000000000000000e+00 3.139139999999999819e+00 2.429200000000000159e+01 1.000000000000000000e+00 -3.761830000000000035e-02 1.000000000000000000e+00 7.743900000000000228e-01 7.284809999999999897e-02
2.010112800000000000e+07 1.426159999999999961e+01 1.000000000000000000e+00 3.317790000000000017e+00 2.456200000000000117e+01 1.000000000000000000e+00 -7.462870000000000337e-01 1.000000000000000000e+00 1.479149999999999965e+00 7.804479999999999751e-02
2.010112900000000000e+07 5.532250000000000334e+00 1.000000000000000000e+00 3.245340000000000114e+00 2.453300000000000125e+01 1.000000000000000000e+00 -4.854160000000000141e-01 9.791670000000000096e-01 1.198450000000000015e+00 5.782310000000000227e-02
2.010113000000000000e+07 1.911100000000000065e+01 1.000000000000000000e+00 3.046969999999999956e+00 2.489600000000000080e+01 1.000000000000000000e+00 1.451560000000000072e-01 1.000000000000000000e+00 7.622809999999999864e-01 6.544859999999999567e-02
2.010120100000000000e+07 1.465370000000000061e+01 1.000000000000000000e+00 4.345690000000000275e+00 2.715800000000000125e+01 1.000000000000000000e+00 -1.266820000000000057e+00 1.000000000000000000e+00 2.372290000000000010e+00 4.455209999999999726e-02
2.010120200000000000e+07 1.779700000000000060e+01 1.000000000000000000e+00 3.664179999999999993e+00 2.727700000000000102e+01 1.000000000000000000e+00 5.227469999999999617e-01 1.000000000000000000e+00 4.795530000000000070e-01 8.832439999999999736e-02
2.010120300000000000e+07 1.470120000000000005e+01 1.000000000000000000e+00 2.905460000000000154e+00 2.724599999999999866e+01 1.000000000000000000e+00 -1.782140000000000113e-01 9.791670000000000096e-01 1.069360000000000088e+00 8.662759999999999905e-02
2.010120400000000000e+07 1.439489999999999981e+01 7.708329999999999904e-01 2.919599999999999973e+00 2.698799999999999955e+01 1.000000000000000000e+00 -2.179699999999999971e-01 1.666670000000000096e-01 9.627879999999999772e-01 3.982240000000000085e-02
2.010120500000000000e+07 1.127549999999999919e+01 8.541670000000000096e-01 2.789379999999999971e+00 2.669600000000000151e+01 1.000000000000000000e+00 -4.278970000000000273e-01 6.250000000000000000e-02 1.256790000000000074e+00 4.141840000000000105e-02
2.010120600000000000e+07 1.845149999999999935e+01 9.166670000000000096e-01 2.903309999999999835e+00 2.642099999999999937e+01 1.000000000000000000e+00 -1.068769999999999998e+00 5.000000000000000000e-01 2.256969999999999921e+00 3.078509999999999927e-02
2.010120700000000000e+07 8.790499999999999758e+00 1.000000000000000000e+00 4.058550000000000324e+00 2.618199999999999861e+01 1.000000000000000000e+00 -4.269109999999999849e-01 9.791670000000000096e-01 2.059410000000000185e+00 4.111540000000000333e-02
2.010120800000000000e+07 5.079959999999999809e+01 1.000000000000000000e+00 4.915560000000000151e+00 2.640599999999999881e+01 1.000000000000000000e+00 -1.164300000000000057e-03 1.000000000000000000e+00 2.174269999999999925e+00 6.489599999999999536e-02
2.010120900000000000e+07 6.513540000000000418e+01 1.000000000000000000e+00 5.040670000000000428e+00 2.675600000000000023e+01 1.000000000000000000e+00 4.974580000000000113e-01 1.000000000000000000e+00 1.831700000000000106e+00 9.184349999999999459e-02
2.010121000000000000e+07 3.405899999999999750e+01 1.000000000000000000e+00 3.843360000000000110e+00 2.691300000000000026e+01 1.000000000000000000e+00 -9.249629999999999797e-01 9.791670000000000096e-01 1.899739999999999984e+00 2.120199999999999863e-02
2.010121100000000000e+07 3.519169999999999732e+01 1.000000000000000000e+00 3.186630000000000074e+00 2.807900000000000063e+01 6.875000000000000000e-01 8.318560000000000398e-01 1.000000000000000000e+00 -6.363910000000000400e-01 2.386900000000000133e-02
2.010121200000000000e+07 5.701530000000000342e+01 1.000000000000000000e+00 4.398600000000000065e+00 2.992899999999999849e+01 5.000000000000000000e-01 -7.807530000000000303e-01 1.000000000000000000e+00 9.930660000000000043e-01 3.440130000000000271e-02
2.010121300000000000e+07 8.813370000000000459e+01 1.000000000000000000e+00 5.538840000000000430e+00 2.813400000000000034e+01 6.875000000000000000e-01 -1.679209999999999869e-01 1.000000000000000000e+00 3.640700000000000047e-01 4.590330000000000105e-02
2.010121400000000000e+07 6.523199999999999932e+01 1.000000000000000000e+00 5.045759999999999579e+00 3.122700000000000031e+01 9.791670000000000096e-01 -5.239310000000000356e-01 9.583329999999999904e-01 6.432839999999999669e-01 1.510060000000000048e-02
2.010121500000000000e+07 4.265050000000000097e+01 1.000000000000000000e+00 3.789590000000000014e+00 3.206900000000000261e+01 9.791670000000000096e-01 -6.228979999999999517e-01 9.583329999999999904e-01 7.287460000000000049e-01 1.651599999999999943e-02
2.010121600000000000e+07 5.555499999999999972e+01 1.000000000000000000e+00 4.217730000000000423e+00 3.252799999999999869e+01 1.000000000000000000e+00 -1.125289999999999901e+00 9.583329999999999904e-01 1.228450000000000042e+00 3.434299999999999853e-02
2.010121700000000000e+07 5.158409999999999940e+01 7.083329999999999904e-01 3.924040000000000195e+00 3.258800000000000097e+01 1.000000000000000000e+00 -1.483460000000000001e+00 8.750000000000000000e-01 1.567299999999999915e+00 5.042630000000000029e-02
2.010121800000000000e+07 3.339730000000000132e+01 1.000000000000000000e+00 3.039890000000000203e+00 3.216299999999999670e+01 1.000000000000000000e+00 -8.675450000000000106e-01 9.791670000000000096e-01 9.621790000000000065e-01 5.194320000000000187e-02
2.010121900000000000e+07 3.182049999999999912e+01 8.541670000000000096e-01 2.810919999999999863e+00 3.189799999999999969e+01 1.000000000000000000e+00 -2.987779999999999880e-01 5.416670000000000096e-01 3.882369999999999988e-01 4.905129999999999907e-02
2.010122000000000000e+07 3.750059999999999860e+01 1.000000000000000000e+00 3.022260000000000169e+00 3.168700000000000117e+01 1.000000000000000000e+00 -9.352340000000000098e-01 0.000000000000000000e+00 1.050400000000000000e+00 5.731119999999999964e-02
2.010122100000000000e+07 3.445040000000000191e+01 1.000000000000000000e+00 3.286550000000000082e+00 3.153099999999999881e+01 1.000000000000000000e+00 -3.579740000000000005e-02 0.000000000000000000e+00 1.606299999999999950e-01 6.900219999999999965e-02
2.010122200000000000e+07 2.223290000000000077e+01 1.000000000000000000e+00 3.529079999999999995e+00 3.140399999999999991e+01 1.000000000000000000e+00 -4.680409999999999848e-01 0.000000000000000000e+00 5.992530000000000356e-01 6.262139999999999374e-02
2.010122300000000000e+07 8.565749999999999531e+00 1.000000000000000000e+00 3.392710000000000115e+00 3.130000000000000071e+01 1.000000000000000000e+00 -4.026210000000000067e-01 0.000000000000000000e+00 5.396290000000000253e-01 7.392459999999999309e-02
2.010122400000000000e+07 1.242820000000000036e+01 1.000000000000000000e+00 4.198129999999999917e+00 3.120200000000000173e+01 1.000000000000000000e+00 1.809040000000000092e-01 0.000000000000000000e+00 -3.296330000000000093e-02 7.843920000000000059e-02
2.010122500000000000e+07 2.917539999999999978e+01 1.000000000000000000e+00 3.074770000000000003e+00 3.113700000000000045e+01 1.000000000000000000e+00 1.136209999999999998e-01 0.000000000000000000e+00 5.399389999999999745e-02 6.652020000000000155e-02
2.010122600000000000e+07 4.260289999999999822e+01 1.000000000000000000e+00 3.798150000000000137e+00 3.139600000000000080e+01 1.000000000000000000e+00 -9.304740000000000233e-02 0.000000000000000000e+00 2.054660000000000097e-01 7.625339999999999896e-02
2.010122700000000000e+07 3.884080000000000155e+01 1.000000000000000000e+00 4.178350000000000009e+00 3.133500000000000085e+01 1.000000000000000000e+00 -2.361820000000000030e-01 0.000000000000000000e+00 3.736959999999999726e-01 8.584529999999999939e-02
2.010122800000000000e+07 3.211979999999999791e+01 1.000000000000000000e+00 2.985300000000000065e+00 3.220199999999999818e+01 1.000000000000000000e+00 4.080880000000000063e-01 2.083329999999999904e-01 -2.515450000000000186e-01 8.889199999999999879e-02
2.010122900000000000e+07 4.458599999999999852e+01 1.000000000000000000e+00 3.142970000000000041e+00 3.336500000000000199e+01 1.000000000000000000e+00 1.730240000000000111e-01 1.875000000000000000e-01 -8.781319999999999404e-02 6.403359999999999608e-02
2.010123000000000000e+07 4.112530000000000285e+01 1.000000000000000000e+00 3.455389999999999961e+00 3.258200000000000074e+01 1.000000000000000000e+00 -1.206270000000000085e-02 3.750000000000000000e-01 8.226650000000000629e-02 3.159769999999999940e-02
2.010123100000000000e+07 7.644829999999999792e+00 1.000000000000000000e+00 1.749759999999999982e+00 3.232399999999999807e+01 1.000000000000000000e+00 1.269440000000000013e-01 9.583329999999999904e-01 -7.421700000000000519e-02 2.793680000000000122e-02
